jet_times,brst_start_datetime_closest,brst_end_datetime_closest,time_interval_start,time_interval_end
2015-09-02 16:41:24.189000+00:00,2015-09-02 16:41:24+00:00,2018-04-23 15:45:23+00:00,0.189,-83286238.811
2015-09-02 16:48:44.145000+00:00,2015-09-02 16:41:24+00:00,2018-04-23 15:45:23+00:00,440.145,-83285798.855
2015-09-02 16:52:14.148000+00:00,2015-09-02 16:41:24+00:00,2018-04-23 15:45:23+00:00,650.148,-83285588.852
2015-09-02 16:58:44.153000+00:00,2015-09-02 16:41:24+00:00,2018-04-23 15:45:23+00:00,1040.153,-83285198.847
2015-09-03 17:23:54.199000+00:00,2015-09-02 16:41:24+00:00,2018-04-23 15:45:23+00:00,88950.199,-83197288.801
2015-09-07 13:49:14.182000+00:00,2015-09-02 16:41:24+00:00,2018-04-23 15:45:23+00:00,421670.182,-82864568.818
2015-09-07 13:55:54.088000+00:00,2015-09-02 16:41:24+00:00,2018-04-23 15:45:23+00:00,422070.088,-82864168.912
2015-09-07 13:44:34.129000+00:00,2015-09-02 16:41:24+00:00,2018-04-23 15:45:23+00:00,421390.129,-82864848.871
2015-09-07 17:01:24.089000+00:00,2015-09-02 16:41:24+00:00,2018-04-23 15:45:23+00:00,433200.089,-82853038.911
2015-09-07 13:59:34.141000+00:00,2015-09-02 16:41:24+00:00,2018-04-23 15:45:23+00:00,422290.141,-82863948.859
2015-09-07 14:03:34.144000+00:00,2015-09-02 16:41:24+00:00,2018-04-23 15:45:23+00:00,422530.144,-82863708.856
2015-09-08 10:40:24.103000+00:00,2015-09-02 16:41:24+00:00,2018-04-23 15:45:23+00:00,496740.103,-82789498.897
2015-09-08 17:56:34.196000+00:00,2015-09-02 16:41:24+00:00,2018-04-23 15:45:23+00:00,522910.196,-82763328.804
2015-09-09 13:51:34.089000+00:00,2015-09-02 16:41:24+00:00,2018-04-23 15:45:23+00:00,594610.089,-82691628.911
2015-09-09 13:52:54.191000+00:00,2015-09-02 16:41:24+00:00,2018-04-23 15:45:23+00:00,594690.191,-82691548.809
2015-09-09 13:53:54.191000+00:00,2015-09-02 16:41:24+00:00,2018-04-23 15:45:23+00:00,594750.191,-82691488.809
2015-09-09 13:57:34.094000+00:00,2015-09-02 16:41:24+00:00,2018-04-23 15:45:23+00:00,594970.094,-82691268.906
2015-09-09 14:00:14.147000+00:00,2015-09-02 16:41:24+00:00,2018-04-23 15:45:23+00:00,595130.147,-82691108.853
2015-09-09 14:03:54.200000+00:00,2015-09-02 16:41:24+00:00,2018-04-23 15:45:23+00:00,595350.2,-82690888.8
2015-09-09 14:05:54.201000+00:00,2015-09-02 16:41:24+00:00,2018-04-23 15:45:23+00:00,595470.201,-82690768.799
2015-09-09 14:08:24.203000+00:00,2015-09-02 16:41:24+00:00,2018-04-23 15:45:23+00:00,595620.203,-82690618.797
2015-09-09 14:09:44.154000+00:00,2015-09-02 16:41:24+00:00,2018-04-23 15:45:23+00:00,595700.154,-82690538.846
2015-09-09 14:11:14.156000+00:00,2015-09-02 16:41:24+00:00,2018-04-23 15:45:23+00:00,595790.156,-82690448.844
2015-09-09 14:16:04.109000+00:00,2015-09-02 16:41:24+00:00,2018-04-23 15:45:23+00:00,596080.109,-82690158.891
2015-09-09 18:49:54.133000+00:00,2015-09-02 16:41:24+00:00,2018-04-23 15:45:23+00:00,612510.133,-82673728.867
2015-09-09 18:54:04.187000+00:00,2015-09-02 16:41:24+00:00,2018-04-23 15:45:23+00:00,612760.187,-82673478.813
2015-09-09 19:00:04.192000+00:00,2015-09-02 16:41:24+00:00,2018-04-23 15:45:23+00:00,613120.192,-82673118.808
2015-09-11 09:45:24.122000+00:00,2015-09-02 16:41:24+00:00,2018-04-23 15:45:23+00:00,752640.122,-82533598.878
2015-09-11 08:21:04.107000+00:00,2015-09-02 16:41:24+00:00,2018-04-23 15:45:23+00:00,747580.107,-82538658.893
2015-09-11 11:42:44.166000+00:00,2015-09-02 16:41:24+00:00,2018-04-23 15:45:23+00:00,759680.166,-82526558.834
2015-09-11 15:08:24.083000+00:00,2015-09-02 16:41:24+00:00,2018-04-23 15:45:23+00:00,772020.083,-82514218.917
2015-09-11 16:09:54.133000+00:00,2015-09-02 16:41:24+00:00,2018-04-23 15:45:23+00:00,775710.133,-82510528.867
2015-09-11 16:12:44.085000+00:00,2015-09-02 16:41:24+00:00,2018-04-23 15:45:23+00:00,775880.085,-82510358.915
2015-09-11 16:15:24.138000+00:00,2015-09-02 16:41:24+00:00,2018-04-23 15:45:23+00:00,776040.138,-82510198.862
2015-09-11 16:17:24.139000+00:00,2015-09-02 16:41:24+00:00,2018-04-23 15:45:23+00:00,776160.139,-82510078.861
2015-09-11 16:19:34.191000+00:00,2015-09-02 16:41:24+00:00,2018-04-23 15:45:23+00:00,776290.191,-82509948.809
2015-09-11 16:24:04.195000+00:00,2015-09-02 16:41:24+00:00,2018-04-23 15:45:23+00:00,776560.195,-82509678.805
2015-09-13 15:03:34.103000+00:00,2015-09-02 16:41:24+00:00,2018-04-23 15:45:23+00:00,944530.103,-82341708.897
2015-09-13 11:08:44.111000+00:00,2015-09-02 16:41:24+00:00,2018-04-23 15:45:23+00:00,930440.111,-82355798.889
2015-09-14 10:00:54.149000+00:00,2015-09-02 16:41:24+00:00,2018-04-23 15:45:23+00:00,1012770.149,-82273468.851
2015-09-14 15:51:04.175000+00:00,2015-09-02 16:41:24+00:00,2018-04-23 15:45:23+00:00,1033780.175,-82252458.825
2015-09-14 15:37:34.164000+00:00,2015-09-02 16:41:24+00:00,2018-04-23 15:45:23+00:00,1032970.164,-82253268.836
2015-09-14 15:48:14.223000+00:00,2015-09-02 16:41:24+00:00,2018-04-23 15:45:23+00:00,1033610.223,-82252628.777
2015-09-14 15:43:34.169000+00:00,2015-09-02 16:41:24+00:00,2018-04-23 15:45:23+00:00,1033330.169,-82252908.831
2015-09-15 11:40:24.175000+00:00,2015-09-02 16:41:24+00:00,2018-04-23 15:45:23+00:00,1105140.175,-82181098.825
2015-09-15 11:25:04.213000+00:00,2015-09-02 16:41:24+00:00,2018-04-23 15:45:23+00:00,1104220.213,-82182018.787
2015-09-15 11:45:24.180000+00:00,2015-09-02 16:41:24+00:00,2018-04-23 15:45:23+00:00,1105440.18,-82180798.82
2015-09-15 11:17:44.107000+00:00,2015-09-02 16:41:24+00:00,2018-04-23 15:45:23+00:00,1103780.107,-82182458.893
2015-09-15 11:42:24.177000+00:00,2015-09-02 16:41:24+00:00,2018-04-23 15:45:23+00:00,1105260.177,-82180978.823
2015-09-15 11:48:34.082000+00:00,2015-09-02 16:41:24+00:00,2018-04-23 15:45:23+00:00,1105630.082,-82180608.918
2015-09-15 11:59:14.141000+00:00,2015-09-02 16:41:24+00:00,2018-04-23 15:45:23+00:00,1106270.141,-82179968.859
2015-09-15 13:01:04.141000+00:00,2015-09-02 16:41:24+00:00,2018-04-23 15:45:23+00:00,1109980.141,-82176258.859
2015-09-15 13:07:04.146000+00:00,2015-09-02 16:41:24+00:00,2018-04-23 15:45:23+00:00,1110340.146,-82175898.854
2015-09-15 12:59:34.140000+00:00,2015-09-02 16:41:24+00:00,2018-04-23 15:45:23+00:00,1109890.14,-82176348.86
2015-09-15 13:02:24.092000+00:00,2015-09-02 16:41:24+00:00,2018-04-23 15:45:23+00:00,1110060.092,-82176178.908
2015-09-16 12:54:44.197000+00:00,2015-09-02 16:41:24+00:00,2018-04-23 15:45:23+00:00,1196000.197,-82090238.803
2015-09-18 11:48:34.093000+00:00,2015-09-02 16:41:24+00:00,2018-04-23 15:45:23+00:00,1364830.093,-81921408.907
2015-09-18 12:31:44.177000+00:00,2015-09-02 16:41:24+00:00,2018-04-23 15:45:23+00:00,1367420.177,-81918818.823
2015-09-18 11:56:54.199000+00:00,2015-09-02 16:41:24+00:00,2018-04-23 15:45:23+00:00,1365330.199,-81920908.801
2015-09-18 11:53:54.197000+00:00,2015-09-02 16:41:24+00:00,2018-04-23 15:45:23+00:00,1365150.197,-81921088.803
2015-09-18 12:35:34.130000+00:00,2015-09-02 16:41:24+00:00,2018-04-23 15:45:23+00:00,1367650.13,-81918588.87
2015-09-18 11:51:34.095000+00:00,2015-09-02 16:41:24+00:00,2018-04-23 15:45:23+00:00,1365010.095,-81921228.905
2015-09-19 09:08:14.172000+00:00,2015-09-02 16:41:24+00:00,2018-04-23 15:45:23+00:00,1441610.172,-81844628.828
2015-09-19 09:04:44.169000+00:00,2015-09-02 16:41:24+00:00,2018-04-23 15:45:23+00:00,1441400.169,-81844838.831
2015-09-19 09:33:34.142000+00:00,2015-09-02 16:41:24+00:00,2018-04-23 15:45:23+00:00,1443130.142,-81843108.858
2015-09-19 09:45:04.152000+00:00,2015-09-02 16:41:24+00:00,2018-04-23 15:45:23+00:00,1443820.152,-81842418.848
2015-09-20 12:24:04.177000+00:00,2015-09-02 16:41:24+00:00,2018-04-23 15:45:23+00:00,1539760.177,-81746478.823
2015-09-20 11:37:44.190000+00:00,2015-09-02 16:41:24+00:00,2018-04-23 15:45:23+00:00,1536980.19,-81749258.81
2015-09-22 13:45:44.129000+00:00,2015-09-02 16:41:24+00:00,2018-04-23 15:45:23+00:00,1717460.129,-81568778.871
2015-09-22 14:10:44.150000+00:00,2015-09-02 16:41:24+00:00,2018-04-23 15:45:23+00:00,1718960.15,-81567278.85
2015-09-22 13:59:14.140000+00:00,2015-09-02 16:41:24+00:00,2018-04-23 15:45:23+00:00,1718270.14,-81567968.86
2015-09-22 14:06:44.147000+00:00,2015-09-02 16:41:24+00:00,2018-04-23 15:45:23+00:00,1718720.147,-81567518.853
2015-09-23 08:55:24.144000+00:00,2015-09-02 16:41:24+00:00,2018-04-23 15:45:23+00:00,1786440.144,-81499798.856
2015-09-23 09:03:44.101000+00:00,2015-09-02 16:41:24+00:00,2018-04-23 15:45:23+00:00,1786940.101,-81499298.899
2015-09-23 14:53:24.148000+00:00,2015-09-02 16:41:24+00:00,2018-04-23 15:45:23+00:00,1807920.148,-81478318.852
2015-09-23 16:53:54.102000+00:00,2015-09-02 16:41:24+00:00,2018-04-23 15:45:23+00:00,1815150.102,-81471088.898
2015-09-25 09:11:34.218000+00:00,2015-09-02 16:41:24+00:00,2018-04-23 15:45:23+00:00,1960210.218,-81326028.782
2015-09-25 09:13:54.170000+00:00,2015-09-02 16:41:24+00:00,2018-04-23 15:45:23+00:00,1960350.17,-81325888.83
2015-09-25 09:07:44.115000+00:00,2015-09-02 16:41:24+00:00,2018-04-23 15:45:23+00:00,1959980.115,-81326258.885
2015-09-25 09:38:14.140000+00:00,2015-09-02 16:41:24+00:00,2018-04-23 15:45:23+00:00,1961810.14,-81324428.86
2015-09-25 09:15:54.172000+00:00,2015-09-02 16:41:24+00:00,2018-04-23 15:45:23+00:00,1960470.172,-81325768.828
2015-09-25 09:59:14.157000+00:00,2015-09-02 16:41:24+00:00,2018-04-23 15:45:23+00:00,1963070.157,-81323168.843
2015-09-25 09:34:14.137000+00:00,2015-09-02 16:41:24+00:00,2018-04-23 15:45:23+00:00,1961570.137,-81324668.863
2015-09-25 09:19:44.125000+00:00,2015-09-02 16:41:24+00:00,2018-04-23 15:45:23+00:00,1960700.125,-81325538.875
2015-09-25 14:52:34.203000+00:00,2015-09-02 16:41:24+00:00,2018-04-23 15:45:23+00:00,1980670.203,-81305568.797
2015-09-25 14:54:34.204000+00:00,2015-09-02 16:41:24+00:00,2018-04-23 15:45:23+00:00,1980790.204,-81305448.796
2015-09-25 14:57:44.107000+00:00,2015-09-02 16:41:24+00:00,2018-04-23 15:45:23+00:00,1980980.107,-81305258.893
2015-09-30 10:18:44.081000+00:00,2015-09-02 16:41:24+00:00,2018-04-23 15:45:23+00:00,2396240.081,-80889998.919
2015-10-01 06:50:34.157000+00:00,2015-09-02 16:41:24+00:00,2018-04-23 15:45:23+00:00,2470150.157,-80816088.843
2015-10-01 06:49:14.206000+00:00,2015-09-02 16:41:24+00:00,2018-04-23 15:45:23+00:00,2470070.206,-80816168.794
2015-10-01 06:57:04.162000+00:00,2015-09-02 16:41:24+00:00,2018-04-23 15:45:23+00:00,2470540.162,-80815698.838
2015-10-01 06:52:14.208000+00:00,2015-09-02 16:41:24+00:00,2018-04-23 15:45:23+00:00,2470250.208,-80815988.792
2015-10-01 07:01:24.115000+00:00,2015-09-02 16:41:24+00:00,2018-04-23 15:45:23+00:00,2470800.115,-80815438.885
2015-10-03 07:06:24.090000+00:00,2015-09-02 16:41:24+00:00,2018-04-23 15:45:23+00:00,2643900.09,-80642338.91
2015-10-03 07:03:44.188000+00:00,2015-09-02 16:41:24+00:00,2018-04-23 15:45:23+00:00,2643740.188,-80642498.812
2015-10-03 14:45:34.221000+00:00,2015-09-02 16:41:24+00:00,2018-04-23 15:45:23+00:00,2671450.221,-80614788.779
2015-10-03 14:48:04.223000+00:00,2015-09-02 16:41:24+00:00,2018-04-23 15:45:23+00:00,2671600.223,-80614638.777
2015-10-03 14:49:14.124000+00:00,2015-09-02 16:41:24+00:00,2018-04-23 15:45:23+00:00,2671670.124,-80614568.876
2015-10-05 11:40:54.181000+00:00,2015-09-02 16:41:24+00:00,2018-04-23 15:45:23+00:00,2833170.181,-80453068.819
2015-10-05 11:46:04.085000+00:00,2015-09-02 16:41:24+00:00,2018-04-23 15:45:23+00:00,2833480.085,-80452758.915
2015-10-05 11:42:34.082000+00:00,2015-09-02 16:41:24+00:00,2018-04-23 15:45:23+00:00,2833270.082,-80452968.918
2015-10-05 11:52:44.141000+00:00,2015-09-02 16:41:24+00:00,2018-04-23 15:45:23+00:00,2833880.141,-80452358.859
2015-10-05 11:55:14.143000+00:00,2015-09-02 16:41:24+00:00,2018-04-23 15:45:23+00:00,2834030.143,-80452208.857
2015-10-06 09:56:34.133000+00:00,2015-09-02 16:41:24+00:00,2018-04-23 15:45:23+00:00,2913310.133,-80372928.867
2015-10-08 09:34:14.179000+00:00,2015-09-02 16:41:24+00:00,2018-04-23 15:45:23+00:00,3084770.179,-80201468.821
2015-10-08 09:35:24.080000+00:00,2015-09-02 16:41:24+00:00,2018-04-23 15:45:23+00:00,3084840.08,-80201398.92
2015-10-08 10:32:44.078000+00:00,2015-09-02 16:41:24+00:00,2018-04-23 15:45:23+00:00,3088280.078,-80197958.922
2015-10-09 06:48:04.196000+00:00,2015-09-02 16:41:24+00:00,2018-04-23 15:45:23+00:00,3161200.196,-80125038.804
2015-10-09 09:34:44.082000+00:00,2015-09-02 16:41:24+00:00,2018-04-23 15:45:23+00:00,3171200.082,-80115038.918
2015-10-10 06:22:34.167000+00:00,2015-09-02 16:41:24+00:00,2018-04-23 15:45:23+00:00,3246070.167,-80040168.833
2015-10-12 06:22:44.078000+00:00,2015-09-02 16:41:24+00:00,2018-04-23 15:45:23+00:00,3418880.078,-79867358.922
2015-10-13 11:08:44.177000+00:00,2015-09-02 16:41:24+00:00,2018-04-23 15:45:23+00:00,3522440.177,-79763798.823
2015-10-14 13:20:14.152000+00:00,2015-09-02 16:41:24+00:00,2018-04-23 15:45:23+00:00,3616730.152,-79669508.848
2015-10-14 13:29:54.211000+00:00,2015-09-02 16:41:24+00:00,2018-04-23 15:45:23+00:00,3617310.211,-79668928.789
2015-10-16 11:27:54.185000+00:00,2015-09-02 16:41:24+00:00,2018-04-23 15:45:23+00:00,3782790.185,-79503448.815
2015-10-16 11:29:14.136000+00:00,2015-09-02 16:41:24+00:00,2018-04-23 15:45:23+00:00,3782870.136,-79503368.864
2015-10-16 11:25:54.183000+00:00,2015-09-02 16:41:24+00:00,2018-04-23 15:45:23+00:00,3782670.183,-79503568.817
2015-10-18 14:58:34.086000+00:00,2015-09-02 16:41:24+00:00,2018-04-23 15:45:23+00:00,3968230.086,-79318008.914
2015-10-18 14:56:54.184000+00:00,2015-09-02 16:41:24+00:00,2018-04-23 15:45:23+00:00,3968130.184,-79318108.816
2015-10-18 15:00:14.137000+00:00,2015-09-02 16:41:24+00:00,2018-04-23 15:45:23+00:00,3968330.137,-79317908.863
2015-10-19 12:30:14.120000+00:00,2015-09-02 16:41:24+00:00,2018-04-23 15:45:23+00:00,4045730.12,-79240508.88
2015-10-19 12:32:14.122000+00:00,2015-09-02 16:41:24+00:00,2018-04-23 15:45:23+00:00,4045850.122,-79240388.878
2015-10-19 12:36:04.075000+00:00,2015-09-02 16:41:24+00:00,2018-04-23 15:45:23+00:00,4046080.075,-79240158.925
2015-10-19 12:34:04.223000+00:00,2015-09-02 16:41:24+00:00,2018-04-23 15:45:23+00:00,4045960.223,-79240278.777
2015-10-19 12:39:04.078000+00:00,2015-09-02 16:41:24+00:00,2018-04-23 15:45:23+00:00,4046260.078,-79239978.922
2015-10-21 14:50:24.214000+00:00,2015-09-02 16:41:24+00:00,2018-04-23 15:45:23+00:00,4226940.214,-79059298.786
2015-10-22 15:08:54.079000+00:00,2015-09-02 16:41:24+00:00,2018-04-23 15:45:23+00:00,4314450.079,-78971788.921
2015-10-22 15:06:54.077000+00:00,2015-09-02 16:41:24+00:00,2018-04-23 15:45:23+00:00,4314330.077,-78971908.923
2015-10-22 15:19:04.138000+00:00,2015-09-02 16:41:24+00:00,2018-04-23 15:45:23+00:00,4315060.138,-78971178.862
2015-10-22 15:15:44.185000+00:00,2015-09-02 16:41:24+00:00,2018-04-23 15:45:23+00:00,4314860.185,-78971378.815
2015-10-22 15:10:44.181000+00:00,2015-09-02 16:41:24+00:00,2018-04-23 15:45:23+00:00,4314560.181,-78971678.819
2015-10-23 14:24:34.076000+00:00,2015-09-02 16:41:24+00:00,2018-04-23 15:45:23+00:00,4398190.076,-78888048.924
2015-10-23 14:29:24.180000+00:00,2015-09-02 16:41:24+00:00,2018-04-23 15:45:23+00:00,4398480.18,-78887758.82
2015-10-23 14:27:44.129000+00:00,2015-09-02 16:41:24+00:00,2018-04-23 15:45:23+00:00,4398380.129,-78887858.871
2015-10-23 14:22:54.175000+00:00,2015-09-02 16:41:24+00:00,2018-04-23 15:45:23+00:00,4398090.175,-78888148.825
2015-11-01 03:23:14.212000+00:00,2015-09-02 16:41:24+00:00,2018-04-23 15:45:23+00:00,5136110.212,-78150128.788
2015-11-01 03:31:14.219000+00:00,2015-09-02 16:41:24+00:00,2018-04-23 15:45:23+00:00,5136590.219,-78149648.781
2015-11-01 03:32:44.220000+00:00,2015-09-02 16:41:24+00:00,2018-04-23 15:45:23+00:00,5136680.22,-78149558.78
2015-11-03 15:46:04.178000+00:00,2015-09-02 16:41:24+00:00,2018-04-23 15:45:23+00:00,5353480.178,-77932758.822
2015-11-04 03:32:34.216000+00:00,2015-09-02 16:41:24+00:00,2018-04-23 15:45:23+00:00,5395870.216,-77890368.784
2015-11-04 07:26:04.113000+00:00,2015-09-02 16:41:24+00:00,2018-04-23 15:45:23+00:00,5409880.113,-77876358.887
2015-11-04 07:27:14.164000+00:00,2015-09-02 16:41:24+00:00,2018-04-23 15:45:23+00:00,5409950.164,-77876288.836
2015-11-04 07:19:04.107000+00:00,2015-09-02 16:41:24+00:00,2018-04-23 15:45:23+00:00,5409460.107,-77876778.893
2015-11-06 13:16:54.128000+00:00,2015-09-02 16:41:24+00:00,2018-04-23 15:45:23+00:00,5603730.128,-77682508.872
2015-11-06 13:23:14.083000+00:00,2015-09-02 16:41:24+00:00,2018-04-23 15:45:23+00:00,5604110.083,-77682128.917
2015-11-06 13:25:04.185000+00:00,2015-09-02 16:41:24+00:00,2018-04-23 15:45:23+00:00,5604220.185,-77682018.815
2015-11-06 13:50:54.157000+00:00,2015-09-02 16:41:24+00:00,2018-04-23 15:45:23+00:00,5605770.157,-77680468.843
2015-11-06 13:46:24.154000+00:00,2015-09-02 16:41:24+00:00,2018-04-23 15:45:23+00:00,5605500.154,-77680738.846
2015-11-07 13:25:44.079000+00:00,2015-09-02 16:41:24+00:00,2018-04-23 15:45:23+00:00,5690660.079,-77595578.921
2015-11-07 13:29:14.082000+00:00,2015-09-02 16:41:24+00:00,2018-04-23 15:45:23+00:00,5690870.082,-77595368.918
2015-11-10 02:43:14.101000+00:00,2015-09-02 16:41:24+00:00,2018-04-23 15:45:23+00:00,5911310.101,-77374928.899
2015-11-10 02:46:14.103000+00:00,2015-09-02 16:41:24+00:00,2018-04-23 15:45:23+00:00,5911490.103,-77374748.897
2015-11-15 14:07:34.180000+00:00,2015-09-02 16:41:24+00:00,2018-04-23 15:45:23+00:00,6384370.18,-76901868.82
2015-11-15 14:02:54.125000+00:00,2015-09-02 16:41:24+00:00,2018-04-23 15:45:23+00:00,6384090.125,-76902148.875
2015-11-15 14:12:04.184000+00:00,2015-09-02 16:41:24+00:00,2018-04-23 15:45:23+00:00,6384640.184,-76901598.816
2015-11-15 14:09:44.081000+00:00,2015-09-02 16:41:24+00:00,2018-04-23 15:45:23+00:00,6384500.081,-76901738.919
2015-11-21 01:37:04.141000+00:00,2015-09-02 16:41:24+00:00,2018-04-23 15:45:23+00:00,6857740.141,-76428498.859
2015-11-30 12:09:34.142000+00:00,2015-09-02 16:41:24+00:00,2018-04-23 15:45:23+00:00,7673290.142,-75612948.858
2015-12-02 08:11:44.123000+00:00,2015-09-02 16:41:24+00:00,2018-04-23 15:45:23+00:00,7831820.123,-75454418.877
2015-12-02 08:15:14.126000+00:00,2015-09-02 16:41:24+00:00,2018-04-23 15:45:23+00:00,7832030.126,-75454208.874
2015-12-05 23:37:44.222000+00:00,2015-09-02 16:41:24+00:00,2018-04-23 15:45:23+00:00,8146580.222,-75139658.778
2015-12-05 23:44:34.178000+00:00,2015-09-02 16:41:24+00:00,2018-04-23 15:45:23+00:00,8146990.178,-75139248.822
2015-12-05 23:42:24.126000+00:00,2015-09-02 16:41:24+00:00,2018-04-23 15:45:23+00:00,8146860.126,-75139378.874
2015-12-06 23:31:54.130000+00:00,2015-09-02 16:41:24+00:00,2018-04-23 15:45:23+00:00,8232630.13,-75053608.87
2015-12-07 00:29:24.180000+00:00,2015-09-02 16:41:24+00:00,2018-04-23 15:45:23+00:00,8236080.18,-75050158.82
2015-12-07 00:27:24.178000+00:00,2015-09-02 16:41:24+00:00,2018-04-23 15:45:23+00:00,8235960.178,-75050278.822
2015-12-08 00:10:14.146000+00:00,2015-09-02 16:41:24+00:00,2018-04-23 15:45:23+00:00,8321330.146,-74964908.854
2015-12-08 00:06:34.093000+00:00,2015-09-02 16:41:24+00:00,2018-04-23 15:45:23+00:00,8321110.093,-74965128.907
2015-12-08 00:05:34.092000+00:00,2015-09-02 16:41:24+00:00,2018-04-23 15:45:23+00:00,8321050.092,-74965188.908
2015-12-08 00:03:14.140000+00:00,2015-09-02 16:41:24+00:00,2018-04-23 15:45:23+00:00,8320910.14,-74965328.86
2015-12-08 00:08:34.095000+00:00,2015-09-02 16:41:24+00:00,2018-04-23 15:45:23+00:00,8321230.095,-74965008.905
2015-12-07 23:58:54.186000+00:00,2015-09-02 16:41:24+00:00,2018-04-23 15:45:23+00:00,8320650.186,-74965588.814
2015-12-07 00:31:54.182000+00:00,2015-09-02 16:41:24+00:00,2018-04-23 15:45:23+00:00,8236230.182,-75050008.818
2015-12-08 10:27:24.157000+00:00,2015-09-02 16:41:24+00:00,2018-04-23 15:45:23+00:00,8358360.157,-74927878.843
2015-12-08 10:25:04.205000+00:00,2015-09-02 16:41:24+00:00,2018-04-23 15:45:23+00:00,8358220.205,-74928018.795
2015-12-08 10:20:54.151000+00:00,2015-09-02 16:41:24+00:00,2018-04-23 15:45:23+00:00,8357970.151,-74928268.849
2015-12-08 10:29:44.109000+00:00,2015-09-02 16:41:24+00:00,2018-04-23 15:45:23+00:00,8358500.109,-74927738.891
2015-12-10 12:20:54.163000+00:00,2015-09-02 16:41:24+00:00,2018-04-23 15:45:23+00:00,8537970.163,-74748268.837
2015-12-11 11:29:54.150000+00:00,2015-09-02 16:41:24+00:00,2018-04-23 15:45:23+00:00,8621310.15,-74664928.85
2015-12-12 00:17:44.185000+00:00,2015-09-02 16:41:24+00:00,2018-04-23 15:45:23+00:00,8667380.185,-74618858.815
2015-12-12 00:22:24.089000+00:00,2015-09-02 16:41:24+00:00,2018-04-23 15:45:23+00:00,8667660.089,-74618578.911
2015-12-12 00:24:14.190000+00:00,2015-09-02 16:41:24+00:00,2018-04-23 15:45:23+00:00,8667770.19,-74618468.81
2015-12-12 00:29:44.195000+00:00,2015-09-02 16:41:24+00:00,2018-04-23 15:45:23+00:00,8668100.195,-74618138.805
2015-12-12 00:20:34.137000+00:00,2015-09-02 16:41:24+00:00,2018-04-23 15:45:23+00:00,8667550.137,-74618688.863
2015-12-15 23:37:54.076000+00:00,2015-09-02 16:41:24+00:00,2018-04-23 15:45:23+00:00,9010590.076,-74275648.924
2015-12-15 23:39:44.178000+00:00,2015-09-02 16:41:24+00:00,2018-04-23 15:45:23+00:00,9010700.178,-74275538.822
2015-12-17 02:20:44.091000+00:00,2015-09-02 16:41:24+00:00,2018-04-23 15:45:23+00:00,9106760.091,-74179478.909
2015-12-17 02:19:54.140000+00:00,2015-09-02 16:41:24+00:00,2018-04-23 15:45:23+00:00,9106710.14,-74179528.86
2015-12-17 02:22:34.192000+00:00,2015-09-02 16:41:24+00:00,2018-04-23 15:45:23+00:00,9106870.192,-74179368.808
2015-12-17 02:21:44.092000+00:00,2015-09-02 16:41:24+00:00,2018-04-23 15:45:23+00:00,9106820.092,-74179418.908
2015-12-17 02:25:24.145000+00:00,2015-09-02 16:41:24+00:00,2018-04-23 15:45:23+00:00,9107040.145,-74179198.855
2015-12-17 02:27:14.096000+00:00,2015-09-02 16:41:24+00:00,2018-04-23 15:45:23+00:00,9107150.096,-74179088.904
2015-12-17 02:28:04.197000+00:00,2015-09-02 16:41:24+00:00,2018-04-23 15:45:23+00:00,9107200.197,-74179038.803
2015-12-17 10:07:34.163000+00:00,2015-09-02 16:41:24+00:00,2018-04-23 15:45:23+00:00,9134770.163,-74151468.837
2015-12-17 10:08:24.114000+00:00,2015-09-02 16:41:24+00:00,2018-04-23 15:45:23+00:00,9134820.114,-74151418.886
2015-12-17 10:09:14.215000+00:00,2015-09-02 16:41:24+00:00,2018-04-23 15:45:23+00:00,9134870.215,-74151368.785
2015-12-17 10:11:04.166000+00:00,2015-09-02 16:41:24+00:00,2018-04-23 15:45:23+00:00,9134980.166,-74151258.834
2015-12-17 10:12:04.167000+00:00,2015-09-02 16:41:24+00:00,2018-04-23 15:45:23+00:00,9135040.167,-74151198.833
2015-12-17 10:12:54.118000+00:00,2015-09-02 16:41:24+00:00,2018-04-23 15:45:23+00:00,9135090.118,-74151148.882
2015-12-23 11:14:54.208000+00:00,2015-09-02 16:41:24+00:00,2018-04-23 15:45:23+00:00,9657210.208,-73629028.792
2015-12-23 11:13:44.157000+00:00,2015-09-02 16:41:24+00:00,2018-04-23 15:45:23+00:00,9657140.157,-73629098.843
2015-12-25 09:10:04.191000+00:00,2015-09-02 16:41:24+00:00,2018-04-23 15:45:23+00:00,9822520.191,-73463718.809
2015-12-25 09:11:34.193000+00:00,2015-09-02 16:41:24+00:00,2018-04-23 15:45:23+00:00,9822610.193,-73463628.807
2015-12-26 21:42:44.080000+00:00,2015-09-02 16:41:24+00:00,2018-04-23 15:45:23+00:00,9954080.08,-73332158.92
2015-12-26 21:37:34.175000+00:00,2015-09-02 16:41:24+00:00,2018-04-23 15:45:23+00:00,9953770.175,-73332468.825
2015-12-26 21:44:54.132000+00:00,2015-09-02 16:41:24+00:00,2018-04-23 15:45:23+00:00,9954210.132,-73332028.868
2015-12-28 22:20:54.167000+00:00,2015-09-02 16:41:24+00:00,2018-04-23 15:45:23+00:00,10129170.167,-73157068.833
2015-12-28 22:16:04.213000+00:00,2015-09-02 16:41:24+00:00,2018-04-23 15:45:23+00:00,10128880.213,-73157358.787
2015-12-28 22:22:24.169000+00:00,2015-09-02 16:41:24+00:00,2018-04-23 15:45:23+00:00,10129260.169,-73156978.831
2015-12-28 22:15:14.112000+00:00,2015-09-02 16:41:24+00:00,2018-04-23 15:45:23+00:00,10128830.112,-73157408.888
2015-12-28 22:17:04.214000+00:00,2015-09-02 16:41:24+00:00,2018-04-23 15:45:23+00:00,10128940.214,-73157298.786
2015-12-28 22:14:14.112000+00:00,2015-09-02 16:41:24+00:00,2018-04-23 15:45:23+00:00,10128770.112,-73157468.888
2015-12-28 22:18:24.165000+00:00,2015-09-02 16:41:24+00:00,2018-04-23 15:45:23+00:00,10129020.165,-73157218.835
2015-12-28 22:21:34.218000+00:00,2015-09-02 16:41:24+00:00,2018-04-23 15:45:23+00:00,10129210.218,-73157028.782
2015-12-30 01:07:24.085000+00:00,2015-09-02 16:41:24+00:00,2018-04-23 15:45:23+00:00,10225560.085,-73060678.915
2015-12-30 01:04:24.082000+00:00,2015-09-02 16:41:24+00:00,2018-04-23 15:45:23+00:00,10225380.082,-73060858.918
2015-12-30 01:08:24.086000+00:00,2015-09-02 16:41:24+00:00,2018-04-23 15:45:23+00:00,10225620.086,-73060618.914
2015-12-30 01:05:24.083000+00:00,2015-09-02 16:41:24+00:00,2018-04-23 15:45:23+00:00,10225440.083,-73060798.917
2016-01-02 23:45:34.148000+00:00,2015-09-02 16:41:24+00:00,2018-04-23 15:45:23+00:00,10566250.148,-72719988.852
2016-01-02 23:44:24.097000+00:00,2015-09-02 16:41:24+00:00,2018-04-23 15:45:23+00:00,10566180.097,-72720058.903
2016-01-02 23:47:04.150000+00:00,2015-09-02 16:41:24+00:00,2018-04-23 15:45:23+00:00,10566340.15,-72719898.85
2016-01-02 23:47:44.200000+00:00,2015-09-02 16:41:24+00:00,2018-04-23 15:45:23+00:00,10566380.2,-72719858.8
2016-01-02 23:46:14.199000+00:00,2015-09-02 16:41:24+00:00,2018-04-23 15:45:23+00:00,10566290.199,-72719948.801
2016-01-02 23:49:14.201000+00:00,2015-09-02 16:41:24+00:00,2018-04-23 15:45:23+00:00,10566470.201,-72719768.799
2016-01-02 23:48:24.101000+00:00,2015-09-02 16:41:24+00:00,2018-04-23 15:45:23+00:00,10566420.101,-72719818.899
2016-01-03 21:53:14.189000+00:00,2015-09-02 16:41:24+00:00,2018-04-23 15:45:23+00:00,10645910.189,-72640328.811
2016-01-03 22:00:54.096000+00:00,2015-09-02 16:41:24+00:00,2018-04-23 15:45:23+00:00,10646370.096,-72639868.904
2016-01-03 21:57:24.093000+00:00,2015-09-02 16:41:24+00:00,2018-04-23 15:45:23+00:00,10646160.093,-72640078.907
2016-01-03 21:58:24.094000+00:00,2015-09-02 16:41:24+00:00,2018-04-23 15:45:23+00:00,10646220.094,-72640018.906
2016-01-03 22:19:44.212000+00:00,2015-09-02 16:41:24+00:00,2018-04-23 15:45:23+00:00,10647500.212,-72638738.788
2016-01-03 22:22:04.164000+00:00,2015-09-02 16:41:24+00:00,2018-04-23 15:45:23+00:00,10647640.164,-72638598.836
2016-01-03 22:26:34.168000+00:00,2015-09-02 16:41:24+00:00,2018-04-23 15:45:23+00:00,10647910.168,-72638328.832
2016-01-03 22:28:44.220000+00:00,2015-09-02 16:41:24+00:00,2018-04-23 15:45:23+00:00,10648040.22,-72638198.78
2016-01-03 22:27:14.219000+00:00,2015-09-02 16:41:24+00:00,2018-04-23 15:45:23+00:00,10647950.219,-72638288.781
2016-01-04 01:23:14.224000+00:00,2015-09-02 16:41:24+00:00,2018-04-23 15:45:23+00:00,10658510.224,-72627728.776
2016-01-04 08:25:34.100000+00:00,2015-09-02 16:41:24+00:00,2018-04-23 15:45:23+00:00,10683850.1,-72602388.9
2016-01-04 01:16:44.218000+00:00,2015-09-02 16:41:24+00:00,2018-04-23 15:45:23+00:00,10658120.218,-72628118.782
2016-01-04 08:27:04.102000+00:00,2015-09-02 16:41:24+00:00,2018-04-23 15:45:23+00:00,10683940.102,-72602298.898
2016-01-04 23:43:34.205000+00:00,2015-09-02 16:41:24+00:00,2018-04-23 15:45:23+00:00,10738930.205,-72547308.795
2016-01-04 23:41:54.154000+00:00,2015-09-02 16:41:24+00:00,2018-04-23 15:45:23+00:00,10738830.154,-72547408.846
2016-01-06 22:30:04.150000+00:00,2015-09-02 16:41:24+00:00,2018-04-23 15:45:23+00:00,10907320.15,-72378918.85
2016-01-06 22:25:34.146000+00:00,2015-09-02 16:41:24+00:00,2018-04-23 15:45:23+00:00,10907050.146,-72379188.854
2016-01-06 22:27:44.198000+00:00,2015-09-02 16:41:24+00:00,2018-04-23 15:45:23+00:00,10907180.198,-72379058.802
2016-01-04 01:14:14.216000+00:00,2015-09-02 16:41:24+00:00,2018-04-23 15:45:23+00:00,10657970.216,-72628268.784
2016-01-07 21:39:04.166000+00:00,2015-09-02 16:41:24+00:00,2018-04-23 15:45:23+00:00,10990660.166,-72295578.834
2016-01-07 21:41:14.218000+00:00,2015-09-02 16:41:24+00:00,2018-04-23 15:45:23+00:00,10990790.218,-72295448.782
2016-01-07 23:14:14.149000+00:00,2015-09-02 16:41:24+00:00,2018-04-23 15:45:23+00:00,10996370.149,-72289868.851
2016-01-07 23:16:04.101000+00:00,2015-09-02 16:41:24+00:00,2018-04-23 15:45:23+00:00,10996480.101,-72289758.899
2016-01-07 23:12:34.098000+00:00,2015-09-02 16:41:24+00:00,2018-04-23 15:45:23+00:00,10996270.098,-72289968.902
2016-01-08 08:44:44.205000+00:00,2015-09-02 16:41:24+00:00,2018-04-23 15:45:23+00:00,11030600.205,-72255638.795
2016-01-08 08:43:24.104000+00:00,2015-09-02 16:41:24+00:00,2018-04-23 15:45:23+00:00,11030520.104,-72255718.896
2016-01-08 08:53:14.213000+00:00,2015-09-02 16:41:24+00:00,2018-04-23 15:45:23+00:00,11031110.213,-72255128.787
2016-01-08 08:52:14.212000+00:00,2015-09-02 16:41:24+00:00,2018-04-23 15:45:23+00:00,11031050.212,-72255188.788
2016-01-08 08:54:14.214000+00:00,2015-09-02 16:41:24+00:00,2018-04-23 15:45:23+00:00,11031170.214,-72255068.786
2016-01-08 22:25:04.175000+00:00,2015-09-02 16:41:24+00:00,2018-04-23 15:45:23+00:00,11079820.175,-72206418.825
2016-01-10 09:13:44.191000+00:00,2015-09-02 16:41:24+00:00,2018-04-23 15:45:23+00:00,11205140.191,-72081098.809
2016-01-10 20:48:14.124000+00:00,2015-09-02 16:41:24+00:00,2018-04-23 15:45:23+00:00,11246810.124,-72039428.876
2016-01-10 09:11:24.089000+00:00,2015-09-02 16:41:24+00:00,2018-04-23 15:45:23+00:00,11205000.089,-72081238.911
2016-01-10 20:54:54.180000+00:00,2015-09-02 16:41:24+00:00,2018-04-23 15:45:23+00:00,11247210.18,-72039028.82
2016-01-10 20:51:14.127000+00:00,2015-09-02 16:41:24+00:00,2018-04-23 15:45:23+00:00,11246990.127,-72039248.873
2016-01-10 09:08:14.186000+00:00,2015-09-02 16:41:24+00:00,2018-04-23 15:45:23+00:00,11204810.186,-72081428.814
2016-01-10 20:49:44.126000+00:00,2015-09-02 16:41:24+00:00,2018-04-23 15:45:23+00:00,11246900.126,-72039338.874
2016-01-10 09:03:34.132000+00:00,2015-09-02 16:41:24+00:00,2018-04-23 15:45:23+00:00,11204530.132,-72081708.868
2016-01-11 06:39:34.145000+00:00,2015-09-02 16:41:24+00:00,2018-04-23 15:45:23+00:00,11282290.145,-72003948.855
2016-01-10 20:43:54.171000+00:00,2015-09-02 16:41:24+00:00,2018-04-23 15:45:23+00:00,11246550.171,-72039688.829
2016-01-10 09:18:34.145000+00:00,2015-09-02 16:41:24+00:00,2018-04-23 15:45:23+00:00,11205430.145,-72080808.855
2016-01-13 21:33:04.125000+00:00,2015-09-02 16:41:24+00:00,2018-04-23 15:45:23+00:00,11508700.125,-71777538.875
2016-01-13 21:25:44.169000+00:00,2015-09-02 16:41:24+00:00,2018-04-23 15:45:23+00:00,11508260.169,-71777978.831
2016-01-14 07:39:44.178000+00:00,2015-09-02 16:41:24+00:00,2018-04-23 15:45:23+00:00,11545100.178,-71741138.822
2016-01-14 07:35:04.124000+00:00,2015-09-02 16:41:24+00:00,2018-04-23 15:45:23+00:00,11544820.124,-71741418.876
2016-01-17 06:52:14.079000+00:00,2015-09-02 16:41:24+00:00,2018-04-23 15:45:23+00:00,11801450.079,-71484788.921
2016-01-17 07:05:34.191000+00:00,2015-09-02 16:41:24+00:00,2018-04-23 15:45:23+00:00,11802250.191,-71483988.809
2016-01-17 05:30:24.209000+00:00,2015-09-02 16:41:24+00:00,2018-04-23 15:45:23+00:00,11796540.209,-71489698.791
2016-01-17 05:31:24.210000+00:00,2015-09-02 16:41:24+00:00,2018-04-23 15:45:23+00:00,11796600.21,-71489638.79
2016-01-22 22:11:14.207000+00:00,2015-09-02 16:41:24+00:00,2018-04-23 15:45:23+00:00,12288590.207,-70997648.793
2016-01-30 00:48:44.211000+00:00,2015-09-02 16:41:24+00:00,2018-04-23 15:45:23+00:00,12902840.211,-70383398.789
2016-01-30 00:50:14.212000+00:00,2015-09-02 16:41:24+00:00,2018-04-23 15:45:23+00:00,12902930.212,-70383308.788
2016-01-30 00:47:14.210000+00:00,2015-09-02 16:41:24+00:00,2018-04-23 15:45:23+00:00,12902750.21,-70383488.79
2016-01-30 00:51:44.213000+00:00,2015-09-02 16:41:24+00:00,2018-04-23 15:45:23+00:00,12903020.213,-70383218.787
2016-01-30 00:56:04.167000+00:00,2015-09-02 16:41:24+00:00,2018-04-23 15:45:23+00:00,12903280.167,-70382958.833
2016-01-30 00:51:04.163000+00:00,2015-09-02 16:41:24+00:00,2018-04-23 15:45:23+00:00,12902980.163,-70383258.837
2016-01-30 00:54:44.216000+00:00,2015-09-02 16:41:24+00:00,2018-04-23 15:45:23+00:00,12903200.216,-70383038.784
2016-01-30 00:56:54.118000+00:00,2015-09-02 16:41:24+00:00,2018-04-23 15:45:23+00:00,12903330.118,-70382908.882
2016-01-30 01:02:34.173000+00:00,2015-09-02 16:41:24+00:00,2018-04-23 15:45:23+00:00,12903670.173,-70382568.827
2016-02-01 21:14:04.144000+00:00,2015-09-02 16:41:24+00:00,2018-04-23 15:45:23+00:00,13149160.144,-70137078.856
2016-02-03 22:46:54.124000+00:00,2015-09-02 16:41:24+00:00,2018-04-23 15:45:23+00:00,13327530.124,-69958708.876
2016-02-04 20:18:24.196000+00:00,2015-09-02 16:41:24+00:00,2018-04-23 15:45:23+00:00,13405020.196,-69881218.804
2016-02-04 20:27:24.204000+00:00,2015-09-02 16:41:24+00:00,2018-04-23 15:45:23+00:00,13405560.204,-69880678.796
2016-02-04 20:22:34.100000+00:00,2015-09-02 16:41:24+00:00,2018-04-23 15:45:23+00:00,13405270.1,-69880968.9
2016-02-04 20:24:04.101000+00:00,2015-09-02 16:41:24+00:00,2018-04-23 15:45:23+00:00,13405360.101,-69880878.899
2016-02-04 20:31:04.107000+00:00,2015-09-02 16:41:24+00:00,2018-04-23 15:45:23+00:00,13405780.107,-69880458.893
2016-02-05 19:52:44.181000+00:00,2015-09-02 16:41:24+00:00,2018-04-23 15:45:23+00:00,13489880.181,-69796358.819
2016-02-05 20:56:54.137000+00:00,2015-09-02 16:41:24+00:00,2018-04-23 15:45:23+00:00,13493730.137,-69792508.863
2016-02-05 20:52:44.083000+00:00,2015-09-02 16:41:24+00:00,2018-04-23 15:45:23+00:00,13493480.083,-69792758.917
2016-02-06 20:18:24.128000+00:00,2015-09-02 16:41:24+00:00,2018-04-23 15:45:23+00:00,13577820.128,-69708418.872
2016-02-09 19:25:54.185000+00:00,2015-09-02 16:41:24+00:00,2018-04-23 15:45:23+00:00,13833870.185,-69452368.815
2016-02-09 19:18:24.178000+00:00,2015-09-02 16:41:24+00:00,2018-04-23 15:45:23+00:00,13833420.178,-69452818.822
2016-02-09 19:16:44.127000+00:00,2015-09-02 16:41:24+00:00,2018-04-23 15:45:23+00:00,13833320.127,-69452918.873
2016-02-11 20:35:14.100000+00:00,2015-09-02 16:41:24+00:00,2018-04-23 15:45:23+00:00,14010830.1,-69275408.9
2016-02-14 02:30:44.081000+00:00,2015-09-02 16:41:24+00:00,2018-04-23 15:45:23+00:00,14204960.081,-69081278.919
2016-02-14 22:24:54.078000+00:00,2015-09-02 16:41:24+00:00,2018-04-23 15:45:23+00:00,14276610.078,-69009628.922
2016-02-14 22:22:24.076000+00:00,2015-09-02 16:41:24+00:00,2018-04-23 15:45:23+00:00,14276460.076,-69009778.924
2016-02-15 03:29:34.100000+00:00,2015-09-02 16:41:24+00:00,2018-04-23 15:45:23+00:00,14294890.1,-68991348.9
2016-02-15 03:33:54.204000+00:00,2015-09-02 16:41:24+00:00,2018-04-23 15:45:23+00:00,14295150.204,-68991088.796
2016-02-15 03:35:34.106000+00:00,2015-09-02 16:41:24+00:00,2018-04-23 15:45:23+00:00,14295250.106,-68990988.894
2016-02-15 03:38:34.108000+00:00,2015-09-02 16:41:24+00:00,2018-04-23 15:45:23+00:00,14295430.108,-68990808.892
2016-02-15 03:31:24.202000+00:00,2015-09-02 16:41:24+00:00,2018-04-23 15:45:23+00:00,14295000.202,-68991238.798
2016-02-18 01:59:44.075000+00:00,2015-09-02 16:41:24+00:00,2018-04-23 15:45:23+00:00,14548700.075,-68737538.925
2016-02-18 01:57:24.123000+00:00,2015-09-02 16:41:24+00:00,2018-04-23 15:45:23+00:00,14548560.123,-68737678.877
2016-02-18 02:01:24.127000+00:00,2015-09-02 16:41:24+00:00,2018-04-23 15:45:23+00:00,14548800.127,-68737438.873
2016-02-18 02:02:14.078000+00:00,2015-09-02 16:41:24+00:00,2018-04-23 15:45:23+00:00,14548850.078,-68737388.922
2016-02-18 02:03:54.129000+00:00,2015-09-02 16:41:24+00:00,2018-04-23 15:45:23+00:00,14548950.129,-68737288.871
2016-02-18 02:13:14.087000+00:00,2015-09-02 16:41:24+00:00,2018-04-23 15:45:23+00:00,14549510.087,-68736728.913
2016-02-18 02:10:14.085000+00:00,2015-09-02 16:41:24+00:00,2018-04-23 15:45:23+00:00,14549330.085,-68736908.915
2016-02-19 03:18:24.158000+00:00,2015-09-02 16:41:24+00:00,2018-04-23 15:45:23+00:00,14639820.158,-68646418.842
2016-02-19 03:22:24.162000+00:00,2015-09-02 16:41:24+00:00,2018-04-23 15:45:23+00:00,14640060.162,-68646178.838
2016-02-19 20:48:14.110000+00:00,2015-09-02 16:41:24+00:00,2018-04-23 15:45:23+00:00,14702810.11,-68583428.89
2016-02-19 20:46:54.159000+00:00,2015-09-02 16:41:24+00:00,2018-04-23 15:45:23+00:00,14702730.159,-68583508.841
2016-02-19 20:45:44.108000+00:00,2015-09-02 16:41:24+00:00,2018-04-23 15:45:23+00:00,14702660.108,-68583578.892
2016-02-19 20:49:34.211000+00:00,2015-09-02 16:41:24+00:00,2018-04-23 15:45:23+00:00,14702890.211,-68583348.789
2016-02-19 20:56:54.167000+00:00,2015-09-02 16:41:24+00:00,2018-04-23 15:45:23+00:00,14703330.167,-68582908.833
2016-02-19 21:04:34.223000+00:00,2015-09-02 16:41:24+00:00,2018-04-23 15:45:23+00:00,14703790.223,-68582448.777
2016-02-19 21:06:04.224000+00:00,2015-09-02 16:41:24+00:00,2018-04-23 15:45:23+00:00,14703880.224,-68582358.776
2016-02-19 21:21:34.087000+00:00,2015-09-02 16:41:24+00:00,2018-04-23 15:45:23+00:00,14704810.087,-68581428.913
2016-02-19 21:17:44.134000+00:00,2015-09-02 16:41:24+00:00,2018-04-23 15:45:23+00:00,14704580.134,-68581658.866
2016-02-19 21:15:44.132000+00:00,2015-09-02 16:41:24+00:00,2018-04-23 15:45:23+00:00,14704460.132,-68581778.868
2016-02-19 21:19:34.085000+00:00,2015-09-02 16:41:24+00:00,2018-04-23 15:45:23+00:00,14704690.085,-68581548.915
2016-02-19 21:08:14.126000+00:00,2015-09-02 16:41:24+00:00,2018-04-23 15:45:23+00:00,14704010.126,-68582228.874
2016-02-19 21:12:04.079000+00:00,2015-09-02 16:41:24+00:00,2018-04-23 15:45:23+00:00,14704240.079,-68581998.921
2016-02-19 21:13:54.181000+00:00,2015-09-02 16:41:24+00:00,2018-04-23 15:45:23+00:00,14704350.181,-68581888.819
2016-02-19 23:32:54.145000+00:00,2015-09-02 16:41:24+00:00,2018-04-23 15:45:23+00:00,14712690.145,-68573548.855
2016-02-19 23:35:14.097000+00:00,2015-09-02 16:41:24+00:00,2018-04-23 15:45:23+00:00,14712830.097,-68573408.903
2016-02-20 00:35:14.146000+00:00,2015-09-02 16:41:24+00:00,2018-04-23 15:45:23+00:00,14716430.146,-68569808.854
2016-02-20 00:32:24.194000+00:00,2015-09-02 16:41:24+00:00,2018-04-23 15:45:23+00:00,14716260.194,-68569978.806
2016-02-26 01:42:14.107000+00:00,2015-09-02 16:41:24+00:00,2018-04-23 15:45:23+00:00,15238850.107,-68047388.893
2016-02-26 01:48:24.162000+00:00,2015-09-02 16:41:24+00:00,2018-04-23 15:45:23+00:00,15239220.162,-68047018.838
2016-02-26 01:37:54.154000+00:00,2015-09-02 16:41:24+00:00,2018-04-23 15:45:23+00:00,15238590.154,-68047648.846
2016-02-26 01:52:24.166000+00:00,2015-09-02 16:41:24+00:00,2018-04-23 15:45:23+00:00,15239460.166,-68046778.834
2016-02-26 01:39:54.155000+00:00,2015-09-02 16:41:24+00:00,2018-04-23 15:45:23+00:00,15238710.155,-68047528.845
2016-02-29 20:41:34.180000+00:00,2015-09-02 16:41:24+00:00,2018-04-23 15:45:23+00:00,15566410.18,-67719828.82
2016-03-02 00:22:14.209000+00:00,2015-09-02 16:41:24+00:00,2018-04-23 15:45:23+00:00,15666050.209,-67620188.791
2016-03-02 00:15:24.103000+00:00,2015-09-02 16:41:24+00:00,2018-04-23 15:45:23+00:00,15665640.103,-67620598.897
2016-03-07 02:11:54.125000+00:00,2015-09-02 16:41:24+00:00,2018-04-23 15:45:23+00:00,16104630.125,-67181608.875
2016-03-07 19:13:44.110000+00:00,2015-09-02 16:41:24+00:00,2018-04-23 15:45:23+00:00,16165940.11,-67120298.89
2016-09-26 15:24:04.133000+00:00,2015-09-02 16:41:24+00:00,2018-04-23 15:45:23+00:00,33691360.133,-49594878.867
2016-09-26 16:45:54.148000+00:00,2015-09-02 16:41:24+00:00,2018-04-23 15:45:23+00:00,33696270.148,-49589968.852
2016-09-26 16:47:24.149000+00:00,2015-09-02 16:41:24+00:00,2018-04-23 15:45:23+00:00,33696360.149,-49589878.851
2016-09-27 14:32:34.176000+00:00,2015-09-02 16:41:24+00:00,2018-04-23 15:45:23+00:00,33774670.176,-49511568.824
2016-09-27 14:33:44.077000+00:00,2015-09-02 16:41:24+00:00,2018-04-23 15:45:23+00:00,33774740.077,-49511498.923
2016-09-27 14:35:44.079000+00:00,2015-09-02 16:41:24+00:00,2018-04-23 15:45:23+00:00,33774860.079,-49511378.921
2016-09-27 14:36:34.180000+00:00,2015-09-02 16:41:24+00:00,2018-04-23 15:45:23+00:00,33774910.18,-49511328.82
2016-09-27 14:35:04.178000+00:00,2015-09-02 16:41:24+00:00,2018-04-23 15:45:23+00:00,33774820.178,-49511418.822
2016-09-27 14:31:24.125000+00:00,2015-09-02 16:41:24+00:00,2018-04-23 15:45:23+00:00,33774600.125,-49511638.875
2016-09-27 14:28:54.123000+00:00,2015-09-02 16:41:24+00:00,2018-04-23 15:45:23+00:00,33774450.123,-49511788.877
2016-09-27 14:37:54.131000+00:00,2015-09-02 16:41:24+00:00,2018-04-23 15:45:23+00:00,33774990.131,-49511248.869
2016-09-27 18:51:54.184000+00:00,2015-09-02 16:41:24+00:00,2018-04-23 15:45:23+00:00,33790230.184,-49496008.816
2016-09-27 18:53:54.186000+00:00,2015-09-02 16:41:24+00:00,2018-04-23 15:45:23+00:00,33790350.186,-49495888.814
2016-09-28 15:11:44.196000+00:00,2015-09-02 16:41:24+00:00,2018-04-23 15:45:23+00:00,33863420.196,-49422818.804
2016-09-28 15:13:34.148000+00:00,2015-09-02 16:41:24+00:00,2018-04-23 15:45:23+00:00,33863530.148,-49422708.852
2016-09-28 16:48:34.223000+00:00,2015-09-02 16:41:24+00:00,2018-04-23 15:45:23+00:00,33869230.223,-49417008.777
2016-09-28 16:49:14.123000+00:00,2015-09-02 16:41:24+00:00,2018-04-23 15:45:23+00:00,33869270.123,-49416968.877
2016-09-28 16:50:04.224000+00:00,2015-09-02 16:41:24+00:00,2018-04-23 15:45:23+00:00,33869320.224,-49416918.776
2016-09-28 16:51:14.125000+00:00,2015-09-02 16:41:24+00:00,2018-04-23 15:45:23+00:00,33869390.125,-49416848.875
2016-09-28 16:52:24.176000+00:00,2015-09-02 16:41:24+00:00,2018-04-23 15:45:23+00:00,33869460.176,-49416778.824
2016-09-28 16:55:44.129000+00:00,2015-09-02 16:41:24+00:00,2018-04-23 15:45:23+00:00,33869660.129,-49416578.871
2016-09-28 16:53:04.077000+00:00,2015-09-02 16:41:24+00:00,2018-04-23 15:45:23+00:00,33869500.077,-49416738.923
2016-09-28 16:53:44.127000+00:00,2015-09-02 16:41:24+00:00,2018-04-23 15:45:23+00:00,33869540.127,-49416698.873
2016-09-28 16:59:34.082000+00:00,2015-09-02 16:41:24+00:00,2018-04-23 15:45:23+00:00,33869890.082,-49416348.918
2016-09-29 16:12:54.106000+00:00,2015-09-02 16:41:24+00:00,2018-04-23 15:45:23+00:00,33953490.106,-49332748.894
2016-09-29 16:11:34.155000+00:00,2015-09-02 16:41:24+00:00,2018-04-23 15:45:23+00:00,33953410.155,-49332828.845
2016-09-29 16:15:24.108000+00:00,2015-09-02 16:41:24+00:00,2018-04-23 15:45:23+00:00,33953640.108,-49332598.892
2016-09-29 16:10:14.204000+00:00,2015-09-02 16:41:24+00:00,2018-04-23 15:45:23+00:00,33953330.204,-49332908.796
2016-09-29 16:12:14.206000+00:00,2015-09-02 16:41:24+00:00,2018-04-23 15:45:23+00:00,33953450.206,-49332788.794
2016-10-01 18:31:24.200000+00:00,2015-09-02 16:41:24+00:00,2018-04-23 15:45:23+00:00,34134600.2,-49151638.8
2016-10-01 18:33:54.202000+00:00,2015-09-02 16:41:24+00:00,2018-04-23 15:45:23+00:00,34134750.202,-49151488.798
2016-10-01 18:36:24.204000+00:00,2015-09-02 16:41:24+00:00,2018-04-23 15:45:23+00:00,34134900.204,-49151338.796
2016-10-01 18:38:54.206000+00:00,2015-09-02 16:41:24+00:00,2018-04-23 15:45:23+00:00,34135050.206,-49151188.794
2016-10-01 18:43:24.210000+00:00,2015-09-02 16:41:24+00:00,2018-04-23 15:45:23+00:00,34135320.21,-49150918.79
2016-10-01 18:44:34.111000+00:00,2015-09-02 16:41:24+00:00,2018-04-23 15:45:23+00:00,34135390.111,-49150848.889
2016-10-01 18:41:24.208000+00:00,2015-09-02 16:41:24+00:00,2018-04-23 15:45:23+00:00,34135200.208,-49151038.792
2016-10-01 18:46:44.163000+00:00,2015-09-02 16:41:24+00:00,2018-04-23 15:45:23+00:00,34135520.163,-49150718.837
2016-10-01 18:49:04.115000+00:00,2015-09-02 16:41:24+00:00,2018-04-23 15:45:23+00:00,34135660.115,-49150578.885
2016-10-01 18:55:14.170000+00:00,2015-09-02 16:41:24+00:00,2018-04-23 15:45:23+00:00,34136030.17,-49150208.83
2016-10-01 18:53:24.218000+00:00,2015-09-02 16:41:24+00:00,2018-04-23 15:45:23+00:00,34135920.218,-49150318.782
2016-10-01 18:51:44.167000+00:00,2015-09-02 16:41:24+00:00,2018-04-23 15:45:23+00:00,34135820.167,-49150418.833
2016-10-01 18:50:14.166000+00:00,2015-09-02 16:41:24+00:00,2018-04-23 15:45:23+00:00,34135730.166,-49150508.834
2016-10-02 20:01:04.126000+00:00,2015-09-02 16:41:24+00:00,2018-04-23 15:45:23+00:00,34226380.126,-49059858.874
2016-10-02 19:54:24.221000+00:00,2015-09-02 16:41:24+00:00,2018-04-23 15:45:23+00:00,34225980.221,-49060258.779
2016-10-02 20:08:24.082000+00:00,2015-09-02 16:41:24+00:00,2018-04-23 15:45:23+00:00,34226820.082,-49059418.918
2016-10-10 14:52:24.155000+00:00,2015-09-02 16:41:24+00:00,2018-04-23 15:45:23+00:00,34899060.155,-48387178.845
2016-10-10 14:57:34.210000+00:00,2015-09-02 16:41:24+00:00,2018-04-23 15:45:23+00:00,34899370.21,-48386868.79
2016-10-10 14:54:14.107000+00:00,2015-09-02 16:41:24+00:00,2018-04-23 15:45:23+00:00,34899170.107,-48387068.893
2016-10-10 14:55:54.158000+00:00,2015-09-02 16:41:24+00:00,2018-04-23 15:45:23+00:00,34899270.158,-48386968.842
2016-10-10 14:59:34.211000+00:00,2015-09-02 16:41:24+00:00,2018-04-23 15:45:23+00:00,34899490.211,-48386748.789
2016-10-10 15:05:44.117000+00:00,2015-09-02 16:41:24+00:00,2018-04-23 15:45:23+00:00,34899860.117,-48386378.883
2016-10-10 15:10:44.121000+00:00,2015-09-02 16:41:24+00:00,2018-04-23 15:45:23+00:00,34900160.121,-48386078.879
2016-10-10 15:03:44.115000+00:00,2015-09-02 16:41:24+00:00,2018-04-23 15:45:23+00:00,34899740.115,-48386498.885
2016-10-10 15:01:34.213000+00:00,2015-09-02 16:41:24+00:00,2018-04-23 15:45:23+00:00,34899610.213,-48386628.787
2016-10-14 13:05:14.221000+00:00,2015-09-02 16:41:24+00:00,2018-04-23 15:45:23+00:00,35238230.221,-48048008.779
2016-10-14 13:03:04.169000+00:00,2015-09-02 16:41:24+00:00,2018-04-23 15:45:23+00:00,35238100.169,-48048138.831
2016-10-14 13:07:54.123000+00:00,2015-09-02 16:41:24+00:00,2018-04-23 15:45:23+00:00,35238390.123,-48047848.877
2016-10-14 13:00:54.117000+00:00,2015-09-02 16:41:24+00:00,2018-04-23 15:45:23+00:00,35237970.117,-48048268.883
2016-10-16 17:22:24.147000+00:00,2015-09-02 16:41:24+00:00,2018-04-23 15:45:23+00:00,35426460.147,-47859778.853
2016-10-16 17:24:34.199000+00:00,2015-09-02 16:41:24+00:00,2018-04-23 15:45:23+00:00,35426590.199,-47859648.801
2016-10-16 17:28:34.203000+00:00,2015-09-02 16:41:24+00:00,2018-04-23 15:45:23+00:00,35426830.203,-47859408.797
2016-10-16 17:34:44.108000+00:00,2015-09-02 16:41:24+00:00,2018-04-23 15:45:23+00:00,35427200.108,-47859038.892
2016-10-16 17:51:04.222000+00:00,2015-09-02 16:41:24+00:00,2018-04-23 15:45:23+00:00,35428180.222,-47858058.778
2016-10-16 17:54:04.075000+00:00,2015-09-02 16:41:24+00:00,2018-04-23 15:45:23+00:00,35428360.075,-47857878.925
2016-10-16 17:56:14.127000+00:00,2015-09-02 16:41:24+00:00,2018-04-23 15:45:23+00:00,35428490.127,-47857748.873
2016-10-17 14:25:44.098000+00:00,2015-09-02 16:41:24+00:00,2018-04-23 15:45:23+00:00,35502260.098,-47783978.902
2016-10-17 14:23:44.096000+00:00,2015-09-02 16:41:24+00:00,2018-04-23 15:45:23+00:00,35502140.096,-47784098.904
2016-10-22 12:57:14.115000+00:00,2015-09-02 16:41:24+00:00,2018-04-23 15:45:23+00:00,35928950.115,-47357288.885
2016-10-22 13:05:24.172000+00:00,2015-09-02 16:41:24+00:00,2018-04-23 15:45:23+00:00,35929440.172,-47356798.828
2016-10-22 13:11:54.177000+00:00,2015-09-02 16:41:24+00:00,2018-04-23 15:45:23+00:00,35929830.177,-47356408.823
2016-10-22 13:00:34.218000+00:00,2015-09-02 16:41:24+00:00,2018-04-23 15:45:23+00:00,35929150.218,-47357088.782
2016-10-22 13:16:14.130000+00:00,2015-09-02 16:41:24+00:00,2018-04-23 15:45:23+00:00,35930090.13,-47356148.87
2016-10-22 12:58:54.166000+00:00,2015-09-02 16:41:24+00:00,2018-04-23 15:45:23+00:00,35929050.166,-47357188.834
2016-10-22 13:09:44.125000+00:00,2015-09-02 16:41:24+00:00,2018-04-23 15:45:23+00:00,35929700.125,-47356538.875
2016-10-22 13:02:14.119000+00:00,2015-09-02 16:41:24+00:00,2018-04-23 15:45:23+00:00,35929250.119,-47356988.881
2016-10-23 16:25:54.075000+00:00,2015-09-02 16:41:24+00:00,2018-04-23 15:45:23+00:00,36027870.075,-47258368.925
2016-10-23 16:28:14.177000+00:00,2015-09-02 16:41:24+00:00,2018-04-23 15:45:23+00:00,36028010.177,-47258228.823
2016-10-23 16:30:24.079000+00:00,2015-09-02 16:41:24+00:00,2018-04-23 15:45:23+00:00,36028140.079,-47258098.921
2016-10-23 16:34:54.083000+00:00,2015-09-02 16:41:24+00:00,2018-04-23 15:45:23+00:00,36028410.083,-47257828.917
2016-10-23 16:36:04.133000+00:00,2015-09-02 16:41:24+00:00,2018-04-23 15:45:23+00:00,36028480.133,-47257758.867
2016-10-23 16:32:44.181000+00:00,2015-09-02 16:41:24+00:00,2018-04-23 15:45:23+00:00,36028280.181,-47257958.819
2016-10-23 16:38:34.136000+00:00,2015-09-02 16:41:24+00:00,2018-04-23 15:45:23+00:00,36028630.136,-47257608.864
2016-10-24 14:28:14.187000+00:00,2015-09-02 16:41:24+00:00,2018-04-23 15:45:23+00:00,36107210.187,-47179028.813
2016-10-24 14:21:54.082000+00:00,2015-09-02 16:41:24+00:00,2018-04-23 15:45:23+00:00,36106830.082,-47179408.918
2016-10-24 14:32:04.140000+00:00,2015-09-02 16:41:24+00:00,2018-04-23 15:45:23+00:00,36107440.14,-47178798.86
2016-10-24 14:26:04.136000+00:00,2015-09-02 16:41:24+00:00,2018-04-23 15:45:23+00:00,36107080.136,-47179158.864
2016-10-24 14:24:04.134000+00:00,2015-09-02 16:41:24+00:00,2018-04-23 15:45:23+00:00,36106960.134,-47179278.866
2016-10-25 17:47:34.211000+00:00,2015-09-02 16:41:24+00:00,2018-04-23 15:45:23+00:00,36205570.211,-47080668.789
2016-10-25 20:15:44.086000+00:00,2015-09-02 16:41:24+00:00,2018-04-23 15:45:23+00:00,36214460.086,-47071778.914
2016-10-25 20:09:04.180000+00:00,2015-09-02 16:41:24+00:00,2018-04-23 15:45:23+00:00,36214060.18,-47072178.82
2016-10-26 10:19:04.141000+00:00,2015-09-02 16:41:24+00:00,2018-04-23 15:45:23+00:00,36265060.141,-47021178.859
2016-10-26 17:01:54.127000+00:00,2015-09-02 16:41:24+00:00,2018-04-23 15:45:23+00:00,36289230.127,-46997008.873
2016-10-26 17:05:24.130000+00:00,2015-09-02 16:41:24+00:00,2018-04-23 15:45:23+00:00,36289440.13,-46996798.87
2016-10-26 17:03:34.179000+00:00,2015-09-02 16:41:24+00:00,2018-04-23 15:45:23+00:00,36289330.179,-46996908.821
2016-10-26 17:13:24.137000+00:00,2015-09-02 16:41:24+00:00,2018-04-23 15:45:23+00:00,36289920.137,-46996318.863
2016-10-26 19:15:14.191000+00:00,2015-09-02 16:41:24+00:00,2018-04-23 15:45:23+00:00,36297230.191,-46989008.809
2016-10-26 19:18:14.193000+00:00,2015-09-02 16:41:24+00:00,2018-04-23 15:45:23+00:00,36297410.193,-46988828.807
2016-10-26 19:10:44.187000+00:00,2015-09-02 16:41:24+00:00,2018-04-23 15:45:23+00:00,36296960.187,-46989278.813
2016-10-26 19:08:34.135000+00:00,2015-09-02 16:41:24+00:00,2018-04-23 15:45:23+00:00,36296830.135,-46989408.865
2016-10-26 19:13:04.139000+00:00,2015-09-02 16:41:24+00:00,2018-04-23 15:45:23+00:00,36297100.139,-46989138.861
2016-10-27 17:37:34.215000+00:00,2015-09-02 16:41:24+00:00,2018-04-23 15:45:23+00:00,36377770.215,-46908468.785
2016-10-28 14:51:54.103000+00:00,2015-09-02 16:41:24+00:00,2018-04-23 15:45:23+00:00,36454230.103,-46832008.897
2016-10-28 17:33:54.089000+00:00,2015-09-02 16:41:24+00:00,2018-04-23 15:45:23+00:00,36463950.089,-46822288.911
2016-10-28 17:39:44.194000+00:00,2015-09-02 16:41:24+00:00,2018-04-23 15:45:23+00:00,36464300.194,-46821938.806
2016-10-28 17:31:34.137000+00:00,2015-09-02 16:41:24+00:00,2018-04-23 15:45:23+00:00,36463810.137,-46822428.863
2016-10-28 17:41:04.145000+00:00,2015-09-02 16:41:24+00:00,2018-04-23 15:45:23+00:00,36464380.145,-46821858.855
2016-10-29 09:30:04.189000+00:00,2015-09-02 16:41:24+00:00,2018-04-23 15:45:23+00:00,36521320.189,-46764918.811
2016-10-29 09:27:44.087000+00:00,2015-09-02 16:41:24+00:00,2018-04-23 15:45:23+00:00,36521180.087,-46765058.913
2016-10-29 09:33:34.192000+00:00,2015-09-02 16:41:24+00:00,2018-04-23 15:45:23+00:00,36521530.192,-46764708.808
2016-10-29 09:31:14.090000+00:00,2015-09-02 16:41:24+00:00,2018-04-23 15:45:23+00:00,36521390.09,-46764848.91
2016-10-29 12:25:44.083000+00:00,2015-09-02 16:41:24+00:00,2018-04-23 15:45:23+00:00,36531860.083,-46754378.917
2016-10-29 12:15:44.075000+00:00,2015-09-02 16:41:24+00:00,2018-04-23 15:45:23+00:00,36531260.075,-46754978.925
2016-10-29 12:13:14.223000+00:00,2015-09-02 16:41:24+00:00,2018-04-23 15:45:23+00:00,36531110.223,-46755128.777
2016-10-29 12:23:14.081000+00:00,2015-09-02 16:41:24+00:00,2018-04-23 15:45:23+00:00,36531710.081,-46754528.919
2016-10-29 12:20:44.079000+00:00,2015-09-02 16:41:24+00:00,2018-04-23 15:45:23+00:00,36531560.079,-46754678.921
2016-10-29 12:28:14.085000+00:00,2015-09-02 16:41:24+00:00,2018-04-23 15:45:23+00:00,36532010.085,-46754228.915
2016-10-29 12:18:14.077000+00:00,2015-09-02 16:41:24+00:00,2018-04-23 15:45:23+00:00,36531410.077,-46754828.923
2016-10-29 16:20:14.128000+00:00,2015-09-02 16:41:24+00:00,2018-04-23 15:45:23+00:00,36545930.128,-46740308.872
2016-10-31 12:09:04.115000+00:00,2015-09-02 16:41:24+00:00,2018-04-23 15:45:23+00:00,36703660.115,-46582578.885
2016-10-31 12:13:44.169000+00:00,2015-09-02 16:41:24+00:00,2018-04-23 15:45:23+00:00,36703940.169,-46582298.831
2016-10-31 12:06:34.113000+00:00,2015-09-02 16:41:24+00:00,2018-04-23 15:45:23+00:00,36703510.113,-46582728.887
2016-10-31 12:04:14.161000+00:00,2015-09-02 16:41:24+00:00,2018-04-23 15:45:23+00:00,36703370.161,-46582868.839
2016-10-31 12:11:24.217000+00:00,2015-09-02 16:41:24+00:00,2018-04-23 15:45:23+00:00,36703800.217,-46582438.783
2016-10-31 12:24:44.178000+00:00,2015-09-02 16:41:24+00:00,2018-04-23 15:45:23+00:00,36704600.178,-46581638.822
2016-10-31 12:28:34.131000+00:00,2015-09-02 16:41:24+00:00,2018-04-23 15:45:23+00:00,36704830.131,-46581408.869
2016-10-31 12:26:34.130000+00:00,2015-09-02 16:41:24+00:00,2018-04-23 15:45:23+00:00,36704710.13,-46581528.87
2016-10-31 12:19:14.174000+00:00,2015-09-02 16:41:24+00:00,2018-04-23 15:45:23+00:00,36704270.174,-46581968.826
2016-11-01 09:52:44.147000+00:00,2015-09-02 16:41:24+00:00,2018-04-23 15:45:23+00:00,36781880.147,-46504358.853
2016-11-01 09:48:44.144000+00:00,2015-09-02 16:41:24+00:00,2018-04-23 15:45:23+00:00,36781640.144,-46504598.856
2016-11-01 09:50:24.195000+00:00,2015-09-02 16:41:24+00:00,2018-04-23 15:45:23+00:00,36781740.195,-46504498.805
2016-11-01 09:57:14.151000+00:00,2015-09-02 16:41:24+00:00,2018-04-23 15:45:23+00:00,36782150.151,-46504088.849
2016-11-01 09:55:34.100000+00:00,2015-09-02 16:41:24+00:00,2018-04-23 15:45:23+00:00,36782050.1,-46504188.9
2016-11-02 09:29:24.175000+00:00,2015-09-02 16:41:24+00:00,2018-04-23 15:45:23+00:00,36866880.175,-46419358.825
2016-11-02 09:34:14.129000+00:00,2015-09-02 16:41:24+00:00,2018-04-23 15:45:23+00:00,36867170.129,-46419068.871
2016-11-02 09:31:44.127000+00:00,2015-09-02 16:41:24+00:00,2018-04-23 15:45:23+00:00,36867020.127,-46419218.873
2016-11-02 09:38:24.182000+00:00,2015-09-02 16:41:24+00:00,2018-04-23 15:45:23+00:00,36867420.182,-46418818.818
2016-11-02 09:36:34.080000+00:00,2015-09-02 16:41:24+00:00,2018-04-23 15:45:23+00:00,36867310.08,-46418928.92
2016-11-03 09:22:04.088000+00:00,2015-09-02 16:41:24+00:00,2018-04-23 15:45:23+00:00,36952840.088,-46333398.912
2016-11-03 09:17:04.084000+00:00,2015-09-02 16:41:24+00:00,2018-04-23 15:45:23+00:00,36952540.084,-46333698.916
2016-11-03 09:19:34.086000+00:00,2015-09-02 16:41:24+00:00,2018-04-23 15:45:23+00:00,36952690.086,-46333548.914
2016-11-03 09:24:34.090000+00:00,2015-09-02 16:41:24+00:00,2018-04-23 15:45:23+00:00,36952990.09,-46333248.91
2016-11-03 09:28:14.143000+00:00,2015-09-02 16:41:24+00:00,2018-04-23 15:45:23+00:00,36953210.143,-46333028.857
2016-11-03 19:52:44.078000+00:00,2015-09-02 16:41:24+00:00,2018-04-23 15:45:23+00:00,36990680.078,-46295558.922
2016-11-03 20:00:54.135000+00:00,2015-09-02 16:41:24+00:00,2018-04-23 15:45:23+00:00,36991170.135,-46295068.865
2016-11-06 16:11:54.142000+00:00,2015-09-02 16:41:24+00:00,2018-04-23 15:45:23+00:00,37236630.142,-46049608.858
2016-11-06 16:17:34.197000+00:00,2015-09-02 16:41:24+00:00,2018-04-23 15:45:23+00:00,37236970.197,-46049268.803
2016-11-06 16:21:34.200000+00:00,2015-09-02 16:41:24+00:00,2018-04-23 15:45:23+00:00,37237210.2,-46049028.8
2016-11-06 16:15:34.195000+00:00,2015-09-02 16:41:24+00:00,2018-04-23 15:45:23+00:00,37236850.195,-46049388.805
2016-11-06 16:19:34.198000+00:00,2015-09-02 16:41:24+00:00,2018-04-23 15:45:23+00:00,37237090.198,-46049148.802
2016-11-08 09:34:34.168000+00:00,2015-09-02 16:41:24+00:00,2018-04-23 15:45:23+00:00,37385590.168,-45900648.832
2016-11-08 09:27:04.162000+00:00,2015-09-02 16:41:24+00:00,2018-04-23 15:45:23+00:00,37385140.162,-45901098.838
2016-11-08 09:29:34.164000+00:00,2015-09-02 16:41:24+00:00,2018-04-23 15:45:23+00:00,37385290.164,-45900948.836
2016-11-08 09:32:04.166000+00:00,2015-09-02 16:41:24+00:00,2018-04-23 15:45:23+00:00,37385440.166,-45900798.834
2016-11-08 09:41:24.124000+00:00,2015-09-02 16:41:24+00:00,2018-04-23 15:45:23+00:00,37386000.124,-45900238.876
2016-11-09 20:01:24.205000+00:00,2015-09-02 16:41:24+00:00,2018-04-23 15:45:23+00:00,37509600.205,-45776638.795
2016-11-09 20:06:14.160000+00:00,2015-09-02 16:41:24+00:00,2018-04-23 15:45:23+00:00,37509890.16,-45776348.84
2016-11-09 20:03:44.157000+00:00,2015-09-02 16:41:24+00:00,2018-04-23 15:45:23+00:00,37509740.157,-45776498.843
2016-11-10 08:31:14.090000+00:00,2015-09-02 16:41:24+00:00,2018-04-23 15:45:23+00:00,37554590.09,-45731648.91
2016-11-10 18:28:24.213000+00:00,2015-09-02 16:41:24+00:00,2018-04-23 15:45:23+00:00,37590420.213,-45695818.787
2016-11-10 18:30:44.165000+00:00,2015-09-02 16:41:24+00:00,2018-04-23 15:45:23+00:00,37590560.165,-45695678.835
2016-11-10 18:25:54.211000+00:00,2015-09-02 16:41:24+00:00,2018-04-23 15:45:23+00:00,37590270.211,-45695968.789
2016-11-10 18:33:14.167000+00:00,2015-09-02 16:41:24+00:00,2018-04-23 15:45:23+00:00,37590710.167,-45695528.833
2016-11-10 18:41:34.125000+00:00,2015-09-02 16:41:24+00:00,2018-04-23 15:45:23+00:00,37591210.125,-45695028.875
2016-11-10 18:39:24.223000+00:00,2015-09-02 16:41:24+00:00,2018-04-23 15:45:23+00:00,37591080.223,-45695158.777
2016-11-11 19:14:14.204000+00:00,2015-09-02 16:41:24+00:00,2018-04-23 15:45:23+00:00,37679570.204,-45606668.796
2016-11-12 18:46:44.146000+00:00,2015-09-02 16:41:24+00:00,2018-04-23 15:45:23+00:00,37764320.146,-45521918.854
2016-11-13 09:38:24.105000+00:00,2015-09-02 16:41:24+00:00,2018-04-23 15:45:23+00:00,37817820.105,-45468418.895
2016-11-13 09:34:34.152000+00:00,2015-09-02 16:41:24+00:00,2018-04-23 15:45:23+00:00,37817590.152,-45468648.848
2016-11-13 09:36:34.154000+00:00,2015-09-02 16:41:24+00:00,2018-04-23 15:45:23+00:00,37817710.154,-45468528.846
2016-11-14 13:08:44.119000+00:00,2015-09-02 16:41:24+00:00,2018-04-23 15:45:23+00:00,37916840.119,-45369398.881
2016-11-14 13:10:54.171000+00:00,2015-09-02 16:41:24+00:00,2018-04-23 15:45:23+00:00,37916970.171,-45369268.829
2016-11-14 13:13:04.222000+00:00,2015-09-02 16:41:24+00:00,2018-04-23 15:45:23+00:00,37917100.222,-45369138.778
2016-11-14 13:15:14.124000+00:00,2015-09-02 16:41:24+00:00,2018-04-23 15:45:23+00:00,37917230.124,-45369008.876
2016-11-14 13:22:34.081000+00:00,2015-09-02 16:41:24+00:00,2018-04-23 15:45:23+00:00,37917670.081,-45368568.919
2016-11-14 13:20:44.129000+00:00,2015-09-02 16:41:24+00:00,2018-04-23 15:45:23+00:00,37917560.129,-45368678.871
2016-11-14 13:19:04.078000+00:00,2015-09-02 16:41:24+00:00,2018-04-23 15:45:23+00:00,37917460.078,-45368778.922
2016-11-14 15:33:24.148000+00:00,2015-09-02 16:41:24+00:00,2018-04-23 15:45:23+00:00,37925520.148,-45360718.852
2016-11-14 15:35:24.150000+00:00,2015-09-02 16:41:24+00:00,2018-04-23 15:45:23+00:00,37925640.15,-45360598.85
2016-11-14 15:39:44.103000+00:00,2015-09-02 16:41:24+00:00,2018-04-23 15:45:23+00:00,37925900.103,-45360338.897
2016-11-15 08:34:04.129000+00:00,2015-09-02 16:41:24+00:00,2018-04-23 15:45:23+00:00,37986760.129,-45299478.871
2016-11-15 11:03:04.111000+00:00,2015-09-02 16:41:24+00:00,2018-04-23 15:45:23+00:00,37995700.111,-45290538.889
2016-11-15 10:59:04.108000+00:00,2015-09-02 16:41:24+00:00,2018-04-23 15:45:23+00:00,37995460.108,-45290778.892
2016-11-15 10:57:04.106000+00:00,2015-09-02 16:41:24+00:00,2018-04-23 15:45:23+00:00,37995340.106,-45290898.894
2016-11-15 11:06:34.114000+00:00,2015-09-02 16:41:24+00:00,2018-04-23 15:45:23+00:00,37995910.114,-45290328.886
2016-11-15 11:14:24.221000+00:00,2015-09-02 16:41:24+00:00,2018-04-23 15:45:23+00:00,37996380.221,-45289858.779
2016-11-15 11:04:44.163000+00:00,2015-09-02 16:41:24+00:00,2018-04-23 15:45:23+00:00,37995800.163,-45290438.837
2016-11-15 11:01:04.109000+00:00,2015-09-02 16:41:24+00:00,2018-04-23 15:45:23+00:00,37995580.109,-45290658.891
2016-11-15 12:19:54.130000+00:00,2015-09-02 16:41:24+00:00,2018-04-23 15:45:23+00:00,38000310.13,-45285928.87
2016-11-15 12:18:34.179000+00:00,2015-09-02 16:41:24+00:00,2018-04-23 15:45:23+00:00,38000230.179,-45286008.821
2016-11-15 13:38:34.102000+00:00,2015-09-02 16:41:24+00:00,2018-04-23 15:45:23+00:00,38005030.102,-45281208.898
2016-11-15 14:15:54.086000+00:00,2015-09-02 16:41:24+00:00,2018-04-23 15:45:23+00:00,38007270.086,-45278968.914
2016-11-15 14:13:24.083000+00:00,2015-09-02 16:41:24+00:00,2018-04-23 15:45:23+00:00,38007120.083,-45279118.917
2016-11-15 14:18:14.188000+00:00,2015-09-02 16:41:24+00:00,2018-04-23 15:45:23+00:00,38007410.188,-45278828.812
2016-11-15 14:23:04.142000+00:00,2015-09-02 16:41:24+00:00,2018-04-23 15:45:23+00:00,38007700.142,-45278538.858
2016-11-15 14:27:44.196000+00:00,2015-09-02 16:41:24+00:00,2018-04-23 15:45:23+00:00,38007980.196,-45278258.804
2016-11-15 14:20:44.190000+00:00,2015-09-02 16:41:24+00:00,2018-04-23 15:45:23+00:00,38007560.19,-45278678.81
2016-11-15 14:25:24.094000+00:00,2015-09-02 16:41:24+00:00,2018-04-23 15:45:23+00:00,38007840.094,-45278398.906
2016-11-16 11:59:24.113000+00:00,2015-09-02 16:41:24+00:00,2018-04-23 15:45:23+00:00,38085480.113,-45200758.887
2016-11-16 12:01:14.215000+00:00,2015-09-02 16:41:24+00:00,2018-04-23 15:45:23+00:00,38085590.215,-45200648.785
2016-11-22 18:15:24.201000+00:00,2015-09-02 16:41:24+00:00,2018-04-23 15:45:23+00:00,38626440.201,-44659798.799
2016-11-23 09:40:04.166000+00:00,2015-09-02 16:41:24+00:00,2018-04-23 15:45:23+00:00,38681920.166,-44604318.834
2016-11-24 18:29:34.082000+00:00,2015-09-02 16:41:24+00:00,2018-04-23 15:45:23+00:00,38800090.082,-44486148.918
2016-11-24 18:32:04.084000+00:00,2015-09-02 16:41:24+00:00,2018-04-23 15:45:23+00:00,38800240.084,-44485998.916
2016-11-24 18:27:44.130000+00:00,2015-09-02 16:41:24+00:00,2018-04-23 15:45:23+00:00,38799980.13,-44486258.87
2016-11-24 18:36:54.188000+00:00,2015-09-02 16:41:24+00:00,2018-04-23 15:45:23+00:00,38800530.188,-44485708.812
2016-11-24 18:44:24.195000+00:00,2015-09-02 16:41:24+00:00,2018-04-23 15:45:23+00:00,38800980.195,-44485258.805
2016-11-24 18:41:54.193000+00:00,2015-09-02 16:41:24+00:00,2018-04-23 15:45:23+00:00,38800830.193,-44485408.807
2016-11-24 18:34:44.137000+00:00,2015-09-02 16:41:24+00:00,2018-04-23 15:45:23+00:00,38800400.137,-44485838.863
2016-11-25 08:12:04.208000+00:00,2015-09-02 16:41:24+00:00,2018-04-23 15:45:23+00:00,38849440.208,-44436798.792
2016-11-25 10:29:54.128000+00:00,2015-09-02 16:41:24+00:00,2018-04-23 15:45:23+00:00,38857710.128,-44428528.872
2016-11-25 10:22:34.172000+00:00,2015-09-02 16:41:24+00:00,2018-04-23 15:45:23+00:00,38857270.172,-44428968.828
2016-11-25 10:31:34.180000+00:00,2015-09-02 16:41:24+00:00,2018-04-23 15:45:23+00:00,38857810.18,-44428428.82
2016-11-25 10:35:24.133000+00:00,2015-09-02 16:41:24+00:00,2018-04-23 15:45:23+00:00,38858040.133,-44428198.867
2016-11-25 10:38:54.136000+00:00,2015-09-02 16:41:24+00:00,2018-04-23 15:45:23+00:00,38858250.136,-44427988.864
2016-11-25 10:40:54.138000+00:00,2015-09-02 16:41:24+00:00,2018-04-23 15:45:23+00:00,38858370.138,-44427868.862
2016-11-26 17:00:24.177000+00:00,2015-09-02 16:41:24+00:00,2018-04-23 15:45:23+00:00,38967540.177,-44318698.823
2016-11-26 16:58:14.125000+00:00,2015-09-02 16:41:24+00:00,2018-04-23 15:45:23+00:00,38967410.125,-44318828.875
2016-11-29 15:11:54.220000+00:00,2015-09-02 16:41:24+00:00,2018-04-23 15:45:23+00:00,39220230.22,-44066008.78
2016-11-29 14:04:54.159000+00:00,2015-09-02 16:41:24+00:00,2018-04-23 15:45:23+00:00,39216210.159,-44070028.841
2016-11-29 14:11:34.215000+00:00,2015-09-02 16:41:24+00:00,2018-04-23 15:45:23+00:00,39216610.215,-44069628.785
2016-11-29 14:08:04.212000+00:00,2015-09-02 16:41:24+00:00,2018-04-23 15:45:23+00:00,39216400.212,-44069838.788
2016-12-02 15:54:54.112000+00:00,2015-09-02 16:41:24+00:00,2018-04-23 15:45:23+00:00,39482010.112,-43804228.888
2016-12-02 15:58:54.116000+00:00,2015-09-02 16:41:24+00:00,2018-04-23 15:45:23+00:00,39482250.116,-43803988.884
2016-12-02 16:04:44.221000+00:00,2015-09-02 16:41:24+00:00,2018-04-23 15:45:23+00:00,39482600.221,-43803638.779
2016-12-02 16:06:24.123000+00:00,2015-09-02 16:41:24+00:00,2018-04-23 15:45:23+00:00,39482700.123,-43803538.877
2016-12-07 04:58:14.191000+00:00,2015-09-02 16:41:24+00:00,2018-04-23 15:45:23+00:00,39874610.191,-43411628.809
2016-12-07 05:01:44.194000+00:00,2015-09-02 16:41:24+00:00,2018-04-23 15:45:23+00:00,39874820.194,-43411418.806
2016-12-07 05:03:44.196000+00:00,2015-09-02 16:41:24+00:00,2018-04-23 15:45:23+00:00,39874940.196,-43411298.804
2016-12-07 05:05:54.098000+00:00,2015-09-02 16:41:24+00:00,2018-04-23 15:45:23+00:00,39875070.098,-43411168.902
2016-12-07 05:08:34.151000+00:00,2015-09-02 16:41:24+00:00,2018-04-23 15:45:23+00:00,39875230.151,-43411008.849
2016-12-10 09:05:14.134000+00:00,2015-09-02 16:41:24+00:00,2018-04-23 15:45:23+00:00,40148630.134,-43137608.866
2016-12-10 09:06:34.085000+00:00,2015-09-02 16:41:24+00:00,2018-04-23 15:45:23+00:00,40148710.085,-43137528.915
2016-12-10 09:03:24.182000+00:00,2015-09-02 16:41:24+00:00,2018-04-23 15:45:23+00:00,40148520.182,-43137718.818
2016-12-10 09:08:04.087000+00:00,2015-09-02 16:41:24+00:00,2018-04-23 15:45:23+00:00,40148800.087,-43137438.913
2016-12-10 09:09:44.138000+00:00,2015-09-02 16:41:24+00:00,2018-04-23 15:45:23+00:00,40148900.138,-43137338.862
2016-12-10 09:11:04.090000+00:00,2015-09-02 16:41:24+00:00,2018-04-23 15:45:23+00:00,40148980.09,-43137258.91
2016-12-10 09:13:34.092000+00:00,2015-09-02 16:41:24+00:00,2018-04-23 15:45:23+00:00,40149130.092,-43137108.908
2016-12-11 04:16:44.152000+00:00,2015-09-02 16:41:24+00:00,2018-04-23 15:45:23+00:00,40217720.152,-43068518.848
2016-12-10 15:35:54.110000+00:00,2015-09-02 16:41:24+00:00,2018-04-23 15:45:23+00:00,40172070.11,-43114168.89
2016-12-11 04:20:34.106000+00:00,2015-09-02 16:41:24+00:00,2018-04-23 15:45:23+00:00,40217950.106,-43068288.894
2016-12-10 15:41:24.115000+00:00,2015-09-02 16:41:24+00:00,2018-04-23 15:45:23+00:00,40172400.115,-43113838.885
2016-12-11 04:18:44.154000+00:00,2015-09-02 16:41:24+00:00,2018-04-23 15:45:23+00:00,40217840.154,-43068398.846
2016-12-11 05:10:04.152000+00:00,2015-09-02 16:41:24+00:00,2018-04-23 15:45:23+00:00,40220920.152,-43065318.848
2016-12-11 05:01:34.144000+00:00,2015-09-02 16:41:24+00:00,2018-04-23 15:45:23+00:00,40220410.144,-43065828.856
2016-12-11 05:12:14.204000+00:00,2015-09-02 16:41:24+00:00,2018-04-23 15:45:23+00:00,40221050.204,-43065188.796
2016-12-11 05:08:04.150000+00:00,2015-09-02 16:41:24+00:00,2018-04-23 15:45:23+00:00,40220800.15,-43065438.85
2016-12-12 06:11:34.186000+00:00,2015-09-02 16:41:24+00:00,2018-04-23 15:45:23+00:00,40311010.186,-42975228.814
2016-12-13 11:09:24.189000+00:00,2015-09-02 16:41:24+00:00,2018-04-23 15:45:23+00:00,40415280.189,-42870958.811
2016-12-13 11:10:34.090000+00:00,2015-09-02 16:41:24+00:00,2018-04-23 15:45:23+00:00,40415350.09,-42870888.91
2016-12-13 11:11:34.091000+00:00,2015-09-02 16:41:24+00:00,2018-04-23 15:45:23+00:00,40415410.091,-42870828.909
2016-12-13 11:06:44.137000+00:00,2015-09-02 16:41:24+00:00,2018-04-23 15:45:23+00:00,40415120.137,-42871118.863
2016-12-13 15:19:44.082000+00:00,2015-09-02 16:41:24+00:00,2018-04-23 15:45:23+00:00,40430300.082,-42855938.918
2016-12-13 15:22:04.184000+00:00,2015-09-02 16:41:24+00:00,2018-04-23 15:45:23+00:00,40430440.184,-42855798.816
2016-12-14 06:01:04.201000+00:00,2015-09-02 16:41:24+00:00,2018-04-23 15:45:23+00:00,40483180.201,-42803058.799
2016-12-14 11:00:04.189000+00:00,2015-09-02 16:41:24+00:00,2018-04-23 15:45:23+00:00,40501120.189,-42785118.811
2016-12-18 14:35:14.212000+00:00,2015-09-02 16:41:24+00:00,2018-04-23 15:45:23+00:00,40859630.212,-42426608.788
2016-12-19 13:56:24.214000+00:00,2015-09-02 16:41:24+00:00,2018-04-23 15:45:23+00:00,40943700.214,-42342538.786
2016-12-19 14:02:54.219000+00:00,2015-09-02 16:41:24+00:00,2018-04-23 15:45:23+00:00,40944090.219,-42342148.781
2016-12-20 15:31:54.109000+00:00,2015-09-02 16:41:24+00:00,2018-04-23 15:45:23+00:00,41035830.109,-42250408.891
2016-12-22 14:28:54.105000+00:00,2015-09-02 16:41:24+00:00,2018-04-23 15:45:23+00:00,41204850.105,-42081388.895
2016-12-22 14:35:34.161000+00:00,2015-09-02 16:41:24+00:00,2018-04-23 15:45:23+00:00,41205250.161,-42080988.839
2016-12-22 14:24:24.101000+00:00,2015-09-02 16:41:24+00:00,2018-04-23 15:45:23+00:00,41204580.101,-42081658.899
2016-12-23 02:51:44.194000+00:00,2015-09-02 16:41:24+00:00,2018-04-23 15:45:23+00:00,41249420.194,-42036818.806
2016-12-23 02:52:44.195000+00:00,2015-09-02 16:41:24+00:00,2018-04-23 15:45:23+00:00,41249480.195,-42036758.805
2016-12-23 02:53:34.145000+00:00,2015-09-02 16:41:24+00:00,2018-04-23 15:45:23+00:00,41249530.145,-42036708.855
2016-12-23 02:59:24.101000+00:00,2015-09-02 16:41:24+00:00,2018-04-23 15:45:23+00:00,41249880.101,-42036358.899
2016-12-23 06:22:54.134000+00:00,2015-09-02 16:41:24+00:00,2018-04-23 15:45:23+00:00,41262090.134,-42024148.866
2016-12-24 04:35:54.083000+00:00,2015-09-02 16:41:24+00:00,2018-04-23 15:45:23+00:00,41342070.083,-41944168.917
2016-12-24 04:57:14.202000+00:00,2015-09-02 16:41:24+00:00,2018-04-23 15:45:23+00:00,41343350.202,-41942888.798
2016-12-24 04:58:44.203000+00:00,2015-09-02 16:41:24+00:00,2018-04-23 15:45:23+00:00,41343440.203,-41942798.797
2016-12-24 04:54:34.149000+00:00,2015-09-02 16:41:24+00:00,2018-04-23 15:45:23+00:00,41343190.149,-41943048.851
2016-12-24 15:15:04.116000+00:00,2015-09-02 16:41:24+00:00,2018-04-23 15:45:23+00:00,41380420.116,-41905818.884
2016-12-26 11:21:24.194000+00:00,2015-09-02 16:41:24+00:00,2018-04-23 15:45:23+00:00,41539200.194,-41747038.806
2016-12-26 11:20:54.193000+00:00,2015-09-02 16:41:24+00:00,2018-04-23 15:45:23+00:00,41539170.193,-41747068.807
2016-12-26 15:03:24.100000+00:00,2015-09-02 16:41:24+00:00,2018-04-23 15:45:23+00:00,41552520.1,-41733718.9
2016-12-27 03:01:24.156000+00:00,2015-09-02 16:41:24+00:00,2018-04-23 15:45:23+00:00,41595600.156,-41690638.844
2016-12-27 03:06:44.111000+00:00,2015-09-02 16:41:24+00:00,2018-04-23 15:45:23+00:00,41595920.111,-41690318.889
2016-12-27 03:12:24.166000+00:00,2015-09-02 16:41:24+00:00,2018-04-23 15:45:23+00:00,41596260.166,-41689978.834
2016-12-27 03:08:14.113000+00:00,2015-09-02 16:41:24+00:00,2018-04-23 15:45:23+00:00,41596010.113,-41690228.887
2016-12-27 03:16:44.120000+00:00,2015-09-02 16:41:24+00:00,2018-04-23 15:45:23+00:00,41596520.12,-41689718.88
2016-12-27 03:18:14.122000+00:00,2015-09-02 16:41:24+00:00,2018-04-23 15:45:23+00:00,41596610.122,-41689628.878
2016-12-27 03:14:54.169000+00:00,2015-09-02 16:41:24+00:00,2018-04-23 15:45:23+00:00,41596410.169,-41689828.831
2016-12-27 03:09:54.164000+00:00,2015-09-02 16:41:24+00:00,2018-04-23 15:45:23+00:00,41596110.164,-41690128.836
2016-12-27 03:23:44.127000+00:00,2015-09-02 16:41:24+00:00,2018-04-23 15:45:23+00:00,41596940.127,-41689298.873
2016-12-27 03:28:44.131000+00:00,2015-09-02 16:41:24+00:00,2018-04-23 15:45:23+00:00,41597240.131,-41688998.869
2016-12-27 03:38:14.140000+00:00,2015-09-02 16:41:24+00:00,2018-04-23 15:45:23+00:00,41597810.14,-41688428.86
2016-12-27 03:36:04.088000+00:00,2015-09-02 16:41:24+00:00,2018-04-23 15:45:23+00:00,41597680.088,-41688558.912
2016-12-27 03:34:04.086000+00:00,2015-09-02 16:41:24+00:00,2018-04-23 15:45:23+00:00,41597560.086,-41688678.914
2016-12-27 03:39:44.141000+00:00,2015-09-02 16:41:24+00:00,2018-04-23 15:45:23+00:00,41597900.141,-41688338.859
2016-12-27 13:52:54.159000+00:00,2015-09-02 16:41:24+00:00,2018-04-23 15:45:23+00:00,41634690.159,-41651548.841
2016-12-28 05:28:44.160000+00:00,2015-09-02 16:41:24+00:00,2018-04-23 15:45:23+00:00,41690840.16,-41595398.84
2016-12-28 05:40:24.221000+00:00,2015-09-02 16:41:24+00:00,2018-04-23 15:45:23+00:00,41691540.221,-41594698.779
2016-12-28 05:36:34.117000+00:00,2015-09-02 16:41:24+00:00,2018-04-23 15:45:23+00:00,41691310.117,-41594928.883
2016-12-28 05:38:04.119000+00:00,2015-09-02 16:41:24+00:00,2018-04-23 15:45:23+00:00,41691400.119,-41594838.881
2016-12-29 11:12:14.222000+00:00,2015-09-02 16:41:24+00:00,2018-04-23 15:45:23+00:00,41797850.222,-41488388.778
2016-12-29 11:10:34.171000+00:00,2015-09-02 16:41:24+00:00,2018-04-23 15:45:23+00:00,41797750.171,-41488488.829
2017-01-01 14:29:53.189000+00:00,2015-09-02 16:41:24+00:00,2018-04-23 15:45:23+00:00,42068909.189,-41217329.811
2017-01-01 14:31:43.140000+00:00,2015-09-02 16:41:24+00:00,2018-04-23 15:45:23+00:00,42069019.14,-41217219.86
2017-01-03 02:01:33.191000+00:00,2015-09-02 16:41:24+00:00,2018-04-23 15:45:23+00:00,42196809.191,-41089429.809
2017-01-03 11:49:03.118000+00:00,2015-09-02 16:41:24+00:00,2018-04-23 15:45:23+00:00,42232059.118,-41054179.882
2017-01-03 14:30:33.114000+00:00,2015-09-02 16:41:24+00:00,2018-04-23 15:45:23+00:00,42241749.114,-41044489.886
2017-01-04 07:25:53.090000+00:00,2015-09-02 16:41:24+00:00,2018-04-23 15:45:23+00:00,42302669.09,-40983569.91
2017-01-05 01:23:33.204000+00:00,2015-09-02 16:41:24+00:00,2018-04-23 15:45:23+00:00,42367329.204,-40918909.796
2017-01-05 11:09:13.183000+00:00,2015-09-02 16:41:24+00:00,2018-04-23 15:45:23+00:00,42402469.183,-40883769.817
2017-01-05 11:11:13.184000+00:00,2015-09-02 16:41:24+00:00,2018-04-23 15:45:23+00:00,42402589.184,-40883649.816
2017-01-05 11:17:03.140000+00:00,2015-09-02 16:41:24+00:00,2018-04-23 15:45:23+00:00,42402939.14,-40883299.86
2017-01-06 01:36:53.187000+00:00,2015-09-02 16:41:24+00:00,2018-04-23 15:45:23+00:00,42454529.187,-40831709.813
2017-01-06 01:35:13.135000+00:00,2015-09-02 16:41:24+00:00,2018-04-23 15:45:23+00:00,42454429.135,-40831809.865
2017-01-06 02:58:23.109000+00:00,2015-09-02 16:41:24+00:00,2018-04-23 15:45:23+00:00,42459419.109,-40826819.891
2017-01-06 03:03:03.164000+00:00,2015-09-02 16:41:24+00:00,2018-04-23 15:45:23+00:00,42459699.164,-40826539.836
2017-01-06 03:00:43.212000+00:00,2015-09-02 16:41:24+00:00,2018-04-23 15:45:23+00:00,42459559.212,-40826679.788
2017-01-06 03:05:23.116000+00:00,2015-09-02 16:41:24+00:00,2018-04-23 15:45:23+00:00,42459839.116,-40826399.884
2017-01-06 03:07:33.168000+00:00,2015-09-02 16:41:24+00:00,2018-04-23 15:45:23+00:00,42459969.168,-40826269.832
2017-01-07 01:08:23.223000+00:00,2015-09-02 16:41:24+00:00,2018-04-23 15:45:23+00:00,42539219.223,-40747019.777
2017-01-07 01:04:38.820000+00:00,2015-09-02 16:41:24+00:00,2018-04-23 15:45:23+00:00,42538994.82,-40747244.18
2017-01-07 01:43:03.154000+00:00,2015-09-02 16:41:24+00:00,2018-04-23 15:45:23+00:00,42541299.154,-40744939.846
2017-01-07 01:55:53.116000+00:00,2015-09-02 16:41:24+00:00,2018-04-23 15:45:23+00:00,42542069.116,-40744169.884
2017-01-07 01:50:53.111000+00:00,2015-09-02 16:41:24+00:00,2018-04-23 15:45:23+00:00,42541769.111,-40744469.889
2017-01-07 01:53:23.113000+00:00,2015-09-02 16:41:24+00:00,2018-04-23 15:45:23+00:00,42541919.113,-40744319.887
2017-01-07 01:46:43.207000+00:00,2015-09-02 16:41:24+00:00,2018-04-23 15:45:23+00:00,42541519.207,-40744719.793
2017-01-07 06:38:03.123000+00:00,2015-09-02 16:41:24+00:00,2018-04-23 15:45:23+00:00,42558999.123,-40727239.877
2017-01-07 06:40:13.175000+00:00,2015-09-02 16:41:24+00:00,2018-04-23 15:45:23+00:00,42559129.175,-40727109.825
2017-01-07 06:46:33.131000+00:00,2015-09-02 16:41:24+00:00,2018-04-23 15:45:23+00:00,42559509.131,-40726729.869
2017-01-08 01:30:03.077000+00:00,2015-09-02 16:41:24+00:00,2018-04-23 15:45:23+00:00,42626919.077,-40659319.923
2017-01-08 01:32:03.079000+00:00,2015-09-02 16:41:24+00:00,2018-04-23 15:45:23+00:00,42627039.079,-40659199.921
2017-01-08 01:38:13.134000+00:00,2015-09-02 16:41:24+00:00,2018-04-23 15:45:23+00:00,42627409.134,-40658829.866
2017-01-08 01:40:03.086000+00:00,2015-09-02 16:41:24+00:00,2018-04-23 15:45:23+00:00,42627519.086,-40658719.914
2017-01-08 01:43:53.189000+00:00,2015-09-02 16:41:24+00:00,2018-04-23 15:45:23+00:00,42627749.189,-40658489.811
2017-01-08 01:41:53.187000+00:00,2015-09-02 16:41:24+00:00,2018-04-23 15:45:23+00:00,42627629.187,-40658609.813
2017-01-08 01:36:23.183000+00:00,2015-09-02 16:41:24+00:00,2018-04-23 15:45:23+00:00,42627299.183,-40658939.817
2017-01-09 03:07:13.187000+00:00,2015-09-02 16:41:24+00:00,2018-04-23 15:45:23+00:00,42719149.187,-40567089.813
2017-01-09 09:43:53.155000+00:00,2015-09-02 16:41:24+00:00,2018-04-23 15:45:23+00:00,42742949.155,-40543289.845
2017-01-09 09:46:53.158000+00:00,2015-09-02 16:41:24+00:00,2018-04-23 15:45:23+00:00,42743129.158,-40543109.842
2017-01-09 09:41:13.102000+00:00,2015-09-02 16:41:24+00:00,2018-04-23 15:45:23+00:00,42742789.102,-40543449.898
2017-01-09 10:34:03.102000+00:00,2015-09-02 16:41:24+00:00,2018-04-23 15:45:23+00:00,42745959.102,-40540279.898
2017-01-09 10:39:43.157000+00:00,2015-09-02 16:41:24+00:00,2018-04-23 15:45:23+00:00,42746299.157,-40539939.843
2017-01-09 10:31:53.200000+00:00,2015-09-02 16:41:24+00:00,2018-04-23 15:45:23+00:00,42745829.2,-40540409.8
2017-01-09 11:03:33.129000+00:00,2015-09-02 16:41:24+00:00,2018-04-23 15:45:23+00:00,42747729.129,-40538509.871
2017-01-09 11:09:13.184000+00:00,2015-09-02 16:41:24+00:00,2018-04-23 15:45:23+00:00,42748069.184,-40538169.816
2017-01-09 12:49:23.178000+00:00,2015-09-02 16:41:24+00:00,2018-04-23 15:45:23+00:00,42754079.178,-40532159.822
2017-01-09 12:47:13.126000+00:00,2015-09-02 16:41:24+00:00,2018-04-23 15:45:23+00:00,42753949.126,-40532289.874
2017-01-09 13:40:23.075000+00:00,2015-09-02 16:41:24+00:00,2018-04-23 15:45:23+00:00,42757139.075,-40529099.925
2017-01-09 13:45:23.080000+00:00,2015-09-02 16:41:24+00:00,2018-04-23 15:45:23+00:00,42757439.08,-40528799.92
2017-01-10 03:38:43.177000+00:00,2015-09-02 16:41:24+00:00,2018-04-23 15:45:23+00:00,42807439.177,-40478799.823
2017-01-10 03:46:33.135000+00:00,2015-09-02 16:41:24+00:00,2018-04-23 15:45:23+00:00,42807909.135,-40478329.865
2017-01-10 03:51:13.189000+00:00,2015-09-02 16:41:24+00:00,2018-04-23 15:45:23+00:00,42808189.189,-40478049.811
2017-01-10 03:55:33.143000+00:00,2015-09-02 16:41:24+00:00,2018-04-23 15:45:23+00:00,42808449.143,-40477789.857
2017-01-10 04:10:43.207000+00:00,2015-09-02 16:41:24+00:00,2018-04-23 15:45:23+00:00,42809359.207,-40476879.793
2017-01-10 04:16:53.113000+00:00,2015-09-02 16:41:24+00:00,2018-04-23 15:45:23+00:00,42809729.113,-40476509.887
2017-01-10 04:18:53.115000+00:00,2015-09-02 16:41:24+00:00,2018-04-23 15:45:23+00:00,42809849.115,-40476389.885
2017-01-11 01:52:13.138000+00:00,2015-09-02 16:41:24+00:00,2018-04-23 15:45:23+00:00,42887449.138,-40398789.862
2017-01-11 01:56:53.193000+00:00,2015-09-02 16:41:24+00:00,2018-04-23 15:45:23+00:00,42887729.193,-40398509.807
2017-01-11 01:54:33.091000+00:00,2015-09-02 16:41:24+00:00,2018-04-23 15:45:23+00:00,42887589.091,-40398649.909
2017-01-11 01:59:13.145000+00:00,2015-09-02 16:41:24+00:00,2018-04-23 15:45:23+00:00,42887869.145,-40398369.855
2017-01-11 02:08:23.203000+00:00,2015-09-02 16:41:24+00:00,2018-04-23 15:45:23+00:00,42888419.203,-40397819.797
2017-01-11 02:06:03.101000+00:00,2015-09-02 16:41:24+00:00,2018-04-23 15:45:23+00:00,42888279.101,-40397959.899
2017-01-11 02:03:43.149000+00:00,2015-09-02 16:41:24+00:00,2018-04-23 15:45:23+00:00,42888139.149,-40398099.851
2017-01-11 02:01:23.197000+00:00,2015-09-02 16:41:24+00:00,2018-04-23 15:45:23+00:00,42887999.197,-40398239.803
2017-01-15 00:56:23.128000+00:00,2015-09-02 16:41:24+00:00,2018-04-23 15:45:23+00:00,43229699.128,-40056539.872
2017-01-15 00:52:33.175000+00:00,2015-09-02 16:41:24+00:00,2018-04-23 15:45:23+00:00,43229469.175,-40056769.825
2017-01-16 00:55:03.138000+00:00,2015-09-02 16:41:24+00:00,2018-04-23 15:45:23+00:00,43316019.138,-39970219.862
2017-01-16 00:47:33.132000+00:00,2015-09-02 16:41:24+00:00,2018-04-23 15:45:23+00:00,43315569.132,-39970669.868
2017-01-16 00:50:13.184000+00:00,2015-09-02 16:41:24+00:00,2018-04-23 15:45:23+00:00,43315729.184,-39970509.816
2017-01-21 00:12:13.127000+00:00,2015-09-02 16:41:24+00:00,2018-04-23 15:45:23+00:00,43745449.127,-39540789.873
2017-01-21 00:25:43.139000+00:00,2015-09-02 16:41:24+00:00,2018-04-23 15:45:23+00:00,43746259.139,-39539979.861
2017-01-21 00:18:23.182000+00:00,2015-09-02 16:41:24+00:00,2018-04-23 15:45:23+00:00,43745819.182,-39540419.818
2017-01-21 00:17:13.131000+00:00,2015-09-02 16:41:24+00:00,2018-04-23 15:45:23+00:00,43745749.131,-39540489.869
2017-01-21 00:50:23.210000+00:00,2015-09-02 16:41:24+00:00,2018-04-23 15:45:23+00:00,43747739.21,-39538499.79
2017-01-23 10:34:03.118000+00:00,2015-09-02 16:41:24+00:00,2018-04-23 15:45:23+00:00,43955559.118,-39330679.882
2017-01-23 10:40:33.124000+00:00,2015-09-02 16:41:24+00:00,2018-04-23 15:45:23+00:00,43955949.124,-39330289.876
2017-01-24 02:59:03.209000+00:00,2015-09-02 16:41:24+00:00,2018-04-23 15:45:23+00:00,44014659.209,-39271579.791
2017-01-24 02:57:03.207000+00:00,2015-09-02 16:41:24+00:00,2018-04-23 15:45:23+00:00,44014539.207,-39271699.793
2017-01-24 03:01:13.111000+00:00,2015-09-02 16:41:24+00:00,2018-04-23 15:45:23+00:00,44014789.111,-39271449.889
2017-01-24 03:03:13.113000+00:00,2015-09-02 16:41:24+00:00,2018-04-23 15:45:23+00:00,44014909.113,-39271329.887
2017-01-24 03:09:53.169000+00:00,2015-09-02 16:41:24+00:00,2018-04-23 15:45:23+00:00,44015309.169,-39270929.831
2017-01-24 03:07:13.116000+00:00,2015-09-02 16:41:24+00:00,2018-04-23 15:45:23+00:00,44015149.116,-39271089.884
2017-01-24 04:34:43.195000+00:00,2015-09-02 16:41:24+00:00,2018-04-23 15:45:23+00:00,44020399.195,-39265839.805
2017-01-24 04:36:43.197000+00:00,2015-09-02 16:41:24+00:00,2018-04-23 15:45:23+00:00,44020519.197,-39265719.803
2017-01-24 04:38:43.199000+00:00,2015-09-02 16:41:24+00:00,2018-04-23 15:45:23+00:00,44020639.199,-39265599.801
2017-01-24 04:41:23.101000+00:00,2015-09-02 16:41:24+00:00,2018-04-23 15:45:23+00:00,44020799.101,-39265439.899
2017-01-26 00:20:23.087000+00:00,2015-09-02 16:41:24+00:00,2018-04-23 15:45:23+00:00,44177939.087,-39108299.913
2017-01-26 00:26:03.143000+00:00,2015-09-02 16:41:24+00:00,2018-04-23 15:45:23+00:00,44178279.143,-39107959.857
2017-01-27 11:12:23.203000+00:00,2015-09-02 16:41:24+00:00,2018-04-23 15:45:23+00:00,44303459.203,-38982779.797
2017-01-27 11:16:33.107000+00:00,2015-09-02 16:41:24+00:00,2018-04-23 15:45:23+00:00,44303709.107,-38982529.893
2017-01-27 11:06:33.098000+00:00,2015-09-02 16:41:24+00:00,2018-04-23 15:45:23+00:00,44303109.098,-38983129.902
2017-01-27 11:04:53.196000+00:00,2015-09-02 16:41:24+00:00,2018-04-23 15:45:23+00:00,44303009.196,-38983229.804
2017-01-27 11:09:53.201000+00:00,2015-09-02 16:41:24+00:00,2018-04-23 15:45:23+00:00,44303309.201,-38982929.799
2017-01-27 11:08:03.099000+00:00,2015-09-02 16:41:24+00:00,2018-04-23 15:45:23+00:00,44303199.099,-38983039.901
2017-01-27 12:03:23.101000+00:00,2015-09-02 16:41:24+00:00,2018-04-23 15:45:23+00:00,44306519.101,-38979719.899
2017-01-27 11:54:13.193000+00:00,2015-09-02 16:41:24+00:00,2018-04-23 15:45:23+00:00,44305969.193,-38980269.807
2017-01-27 12:01:53.100000+00:00,2015-09-02 16:41:24+00:00,2018-04-23 15:45:23+00:00,44306429.1,-38979809.9
2017-01-28 00:47:33.099000+00:00,2015-09-02 16:41:24+00:00,2018-04-23 15:45:23+00:00,44352369.099,-38933869.901
2017-01-28 00:43:53.196000+00:00,2015-09-02 16:41:24+00:00,2018-04-23 15:45:23+00:00,44352149.196,-38934089.804
2017-01-28 00:36:33.089000+00:00,2015-09-02 16:41:24+00:00,2018-04-23 15:45:23+00:00,44351709.089,-38934529.911
2017-01-28 00:41:23.194000+00:00,2015-09-02 16:41:24+00:00,2018-04-23 15:45:23+00:00,44351999.194,-38934239.806
2017-01-28 00:39:53.192000+00:00,2015-09-02 16:41:24+00:00,2018-04-23 15:45:23+00:00,44351909.192,-38934329.808
2017-01-29 09:39:23.142000+00:00,2015-09-02 16:41:24+00:00,2018-04-23 15:45:23+00:00,44470679.142,-38815559.858
2017-01-29 09:37:13.090000+00:00,2015-09-02 16:41:24+00:00,2018-04-23 15:45:23+00:00,44470549.09,-38815689.91
2017-02-03 23:48:33.121000+00:00,2015-09-02 16:41:24+00:00,2018-04-23 15:45:23+00:00,44953629.121,-38332609.879
2017-02-03 23:43:53.217000+00:00,2015-09-02 16:41:24+00:00,2018-04-23 15:45:23+00:00,44953349.217,-38332889.783
2017-02-03 23:46:13.169000+00:00,2015-09-02 16:41:24+00:00,2018-04-23 15:45:23+00:00,44953489.169,-38332749.831
2017-02-03 23:51:13.173000+00:00,2015-09-02 16:41:24+00:00,2018-04-23 15:45:23+00:00,44953789.173,-38332449.827
2017-02-03 23:53:13.175000+00:00,2015-09-02 16:41:24+00:00,2018-04-23 15:45:23+00:00,44953909.175,-38332329.825
2017-02-04 01:17:53.146000+00:00,2015-09-02 16:41:24+00:00,2018-04-23 15:45:23+00:00,44958989.146,-38327249.854
2017-02-04 01:13:43.093000+00:00,2015-09-02 16:41:24+00:00,2018-04-23 15:45:23+00:00,44958739.093,-38327499.907
2017-02-04 01:15:53.145000+00:00,2015-09-02 16:41:24+00:00,2018-04-23 15:45:23+00:00,44958869.145,-38327369.855
2017-02-04 06:47:43.081000+00:00,2015-09-02 16:41:24+00:00,2018-04-23 15:45:23+00:00,44978779.081,-38307459.919
2017-02-06 08:06:03.162000+00:00,2015-09-02 16:41:24+00:00,2018-04-23 15:45:23+00:00,45156279.162,-38129959.838
2017-02-06 08:14:13.219000+00:00,2015-09-02 16:41:24+00:00,2018-04-23 15:45:23+00:00,45156769.219,-38129469.781
2017-02-06 08:08:33.164000+00:00,2015-09-02 16:41:24+00:00,2018-04-23 15:45:23+00:00,45156429.164,-38129809.836
2017-02-06 08:12:13.217000+00:00,2015-09-02 16:41:24+00:00,2018-04-23 15:45:23+00:00,45156649.217,-38129589.783
2017-02-07 06:58:53.218000+00:00,2015-09-02 16:41:24+00:00,2018-04-23 15:45:23+00:00,45238649.218,-38047589.782
2017-02-07 00:49:33.096000+00:00,2015-09-02 16:41:24+00:00,2018-04-23 15:45:23+00:00,45216489.096,-38069749.904
2017-02-07 01:00:33.105000+00:00,2015-09-02 16:41:24+00:00,2018-04-23 15:45:23+00:00,45217149.105,-38069089.895
2017-02-07 07:38:43.203000+00:00,2015-09-02 16:41:24+00:00,2018-04-23 15:45:23+00:00,45241039.203,-38045199.797
2017-02-07 07:46:13.209000+00:00,2015-09-02 16:41:24+00:00,2018-04-23 15:45:23+00:00,45241489.209,-38044749.791
2017-02-07 07:59:43.221000+00:00,2015-09-02 16:41:24+00:00,2018-04-23 15:45:23+00:00,45242299.221,-38043939.779
2017-02-07 22:45:03.077000+00:00,2015-09-02 16:41:24+00:00,2018-04-23 15:45:23+00:00,45295419.077,-37990819.923
2017-02-07 23:32:03.118000+00:00,2015-09-02 16:41:24+00:00,2018-04-23 15:45:23+00:00,45298239.118,-37987999.882
2017-02-07 23:36:33.122000+00:00,2015-09-02 16:41:24+00:00,2018-04-23 15:45:23+00:00,45298509.122,-37987729.878
2017-02-07 23:48:43.183000+00:00,2015-09-02 16:41:24+00:00,2018-04-23 15:45:23+00:00,45299239.183,-37986999.817
2017-02-08 01:17:23.160000+00:00,2015-09-02 16:41:24+00:00,2018-04-23 15:45:23+00:00,45304559.16,-37981679.84
2017-02-08 01:31:03.222000+00:00,2015-09-02 16:41:24+00:00,2018-04-23 15:45:23+00:00,45305379.222,-37980859.778
2017-02-08 01:48:33.087000+00:00,2015-09-02 16:41:24+00:00,2018-04-23 15:45:23+00:00,45306429.087,-37979809.913
2017-02-08 00:45:23.132000+00:00,2015-09-02 16:41:24+00:00,2018-04-23 15:45:23+00:00,45302639.132,-37983599.868
2017-02-08 06:24:03.182000+00:00,2015-09-02 16:41:24+00:00,2018-04-23 15:45:23+00:00,45322959.182,-37963279.818
2017-02-08 07:17:13.130000+00:00,2015-09-02 16:41:24+00:00,2018-04-23 15:45:23+00:00,45326149.13,-37960089.87
2017-02-08 08:06:33.124000+00:00,2015-09-02 16:41:24+00:00,2018-04-23 15:45:23+00:00,45329109.124,-37957129.876
2017-02-08 08:10:43.178000+00:00,2015-09-02 16:41:24+00:00,2018-04-23 15:45:23+00:00,45329359.178,-37956879.822
2017-02-08 09:27:13.097000+00:00,2015-09-02 16:41:24+00:00,2018-04-23 15:45:23+00:00,45333949.097,-37952289.903
2017-02-08 23:22:53.176000+00:00,2015-09-02 16:41:24+00:00,2018-04-23 15:45:23+00:00,45384089.176,-37902149.824
2017-02-09 07:52:33.080000+00:00,2015-09-02 16:41:24+00:00,2018-04-23 15:45:23+00:00,45414669.08,-37871569.92
2017-02-09 05:44:43.163000+00:00,2015-09-02 16:41:24+00:00,2018-04-23 15:45:23+00:00,45406999.163,-37879239.837
2017-02-09 08:23:23.208000+00:00,2015-09-02 16:41:24+00:00,2018-04-23 15:45:23+00:00,45416519.208,-37869719.792
2017-02-09 07:46:03.224000+00:00,2015-09-02 16:41:24+00:00,2018-04-23 15:45:23+00:00,45414279.224,-37871959.776
2017-02-09 08:43:03.125000+00:00,2015-09-02 16:41:24+00:00,2018-04-23 15:45:23+00:00,45417699.125,-37868539.875
2017-11-20 07:33:43.171000+00:00,2015-09-02 16:41:24+00:00,2018-04-23 15:45:23+00:00,69951139.171,-13335099.829
2017-11-20 07:42:03.128000+00:00,2015-09-02 16:41:24+00:00,2018-04-23 15:45:23+00:00,69951639.128,-13334599.872
2017-11-20 07:44:33.131000+00:00,2015-09-02 16:41:24+00:00,2018-04-23 15:45:23+00:00,69951789.131,-13334449.869
2017-12-12 07:18:53.094000+00:00,2015-09-02 16:41:24+00:00,2018-04-23 15:45:23+00:00,71851049.094,-11435189.906
2017-12-12 07:21:03.146000+00:00,2015-09-02 16:41:24+00:00,2018-04-23 15:45:23+00:00,71851179.146,-11435059.854
2017-12-29 03:51:23.159000+00:00,2015-09-02 16:41:24+00:00,2018-04-23 15:45:23+00:00,73307399.159,-9978839.841
2017-12-29 03:53:43.111000+00:00,2015-09-02 16:41:24+00:00,2018-04-23 15:45:23+00:00,73307539.111,-9978699.889
2017-12-29 03:56:03.213000+00:00,2015-09-02 16:41:24+00:00,2018-04-23 15:45:23+00:00,73307679.213,-9978559.787
2017-12-29 03:58:23.165000+00:00,2015-09-02 16:41:24+00:00,2018-04-23 15:45:23+00:00,73307819.165,-9978419.835
2017-12-29 04:00:53.168000+00:00,2015-09-02 16:41:24+00:00,2018-04-23 15:45:23+00:00,73307969.168,-9978269.832
2017-12-29 04:03:13.120000+00:00,2015-09-02 16:41:24+00:00,2018-04-23 15:45:23+00:00,73308109.12,-9978129.88
2017-12-29 04:06:33.223000+00:00,2015-09-02 16:41:24+00:00,2018-04-23 15:45:23+00:00,73308309.223,-9977929.777
2018-01-09 09:20:43.168000+00:00,2015-09-02 16:41:24+00:00,2018-04-23 15:45:23+00:00,74277559.168,-9008679.832
2018-01-21 04:25:23.097000+00:00,2015-09-02 16:41:24+00:00,2018-04-23 15:45:23+00:00,75296639.097,-7989599.903
2018-01-21 04:29:53.101000+00:00,2015-09-02 16:41:24+00:00,2018-04-23 15:45:23+00:00,75296909.101,-7989329.899
2018-01-21 04:34:23.105000+00:00,2015-09-02 16:41:24+00:00,2018-04-23 15:45:23+00:00,75297179.105,-7989059.895
2018-01-21 04:24:03.146000+00:00,2015-09-02 16:41:24+00:00,2018-04-23 15:45:23+00:00,75296559.146,-7989679.854
2018-02-01 01:14:03.116000+00:00,2015-09-02 16:41:24+00:00,2018-04-23 15:45:23+00:00,76235559.116,-7050679.884
2018-02-01 14:35:23.099000+00:00,2015-09-02 16:41:24+00:00,2018-04-23 15:45:23+00:00,76283639.099,-7002599.901
2018-02-01 14:37:13.201000+00:00,2015-09-02 16:41:24+00:00,2018-04-23 15:45:23+00:00,76283749.201,-7002489.799
2018-02-01 14:33:43.198000+00:00,2015-09-02 16:41:24+00:00,2018-04-23 15:45:23+00:00,76283539.198,-7002699.802
2018-02-07 03:07:43.092000+00:00,2015-09-02 16:41:24+00:00,2018-04-23 15:45:23+00:00,76760779.092,-6525459.908
2018-02-07 03:10:13.094000+00:00,2015-09-02 16:41:24+00:00,2018-04-23 15:45:23+00:00,76760929.094,-6525309.906
2018-02-07 03:11:43.096000+00:00,2015-09-02 16:41:24+00:00,2018-04-23 15:45:23+00:00,76761019.096,-6525219.904
2018-02-07 03:13:43.098000+00:00,2015-09-02 16:41:24+00:00,2018-04-23 15:45:23+00:00,76761139.098,-6525099.902
2018-02-09 22:15:43.092000+00:00,2015-09-02 16:41:24+00:00,2018-04-23 15:45:23+00:00,77002459.092,-6283779.908
2018-02-09 22:27:13.102000+00:00,2015-09-02 16:41:24+00:00,2018-04-23 15:45:23+00:00,77003149.102,-6283089.898
2018-02-09 22:21:03.197000+00:00,2015-09-02 16:41:24+00:00,2018-04-23 15:45:23+00:00,77002779.197,-6283459.803
2018-02-09 22:25:13.101000+00:00,2015-09-02 16:41:24+00:00,2018-04-23 15:45:23+00:00,77003029.101,-6283209.899
2018-02-18 09:27:53.194000+00:00,2015-09-02 16:41:24+00:00,2018-04-23 15:45:23+00:00,77733989.194,-5552249.806
2018-02-18 09:25:43.142000+00:00,2015-09-02 16:41:24+00:00,2018-04-23 15:45:23+00:00,77733859.142,-5552379.858
2018-02-18 09:31:13.147000+00:00,2015-09-02 16:41:24+00:00,2018-04-23 15:45:23+00:00,77734189.147,-5552049.853
2018-02-18 09:32:33.098000+00:00,2015-09-02 16:41:24+00:00,2018-04-23 15:45:23+00:00,77734269.098,-5551969.902
2018-02-18 09:39:33.104000+00:00,2015-09-02 16:41:24+00:00,2018-04-23 15:45:23+00:00,77734689.104,-5551549.896
2018-02-18 09:38:03.103000+00:00,2015-09-02 16:41:24+00:00,2018-04-23 15:45:23+00:00,77734599.103,-5551639.897
2018-02-20 16:59:03.110000+00:00,2015-09-02 16:41:24+00:00,2018-04-23 15:45:23+00:00,77933859.11,-5352379.89
2018-02-20 17:05:43.166000+00:00,2015-09-02 16:41:24+00:00,2018-04-23 15:45:23+00:00,77934259.166,-5351979.834
2018-02-20 17:06:43.167000+00:00,2015-09-02 16:41:24+00:00,2018-04-23 15:45:23+00:00,77934319.167,-5351919.833
2018-03-09 15:24:43.101000+00:00,2015-09-02 16:41:24+00:00,2018-04-23 15:45:23+00:00,79396999.101,-3889239.899
2018-03-12 10:58:53.108000+00:00,2015-09-02 16:41:24+00:00,2018-04-23 15:45:23+00:00,79640249.108,-3645989.892
2018-03-15 03:55:23.098000+00:00,2015-09-02 16:41:24+00:00,2018-04-23 15:45:23+00:00,79874039.098,-3412199.902
2018-03-15 03:53:03.146000+00:00,2015-09-02 16:41:24+00:00,2018-04-23 15:45:23+00:00,79873899.146,-3412339.854
2018-03-15 03:50:33.144000+00:00,2015-09-02 16:41:24+00:00,2018-04-23 15:45:23+00:00,79873749.144,-3412489.856
2018-03-15 03:48:13.191000+00:00,2015-09-02 16:41:24+00:00,2018-04-23 15:45:23+00:00,79873609.191,-3412629.809
2018-03-15 03:43:33.137000+00:00,2015-09-02 16:41:24+00:00,2018-04-23 15:45:23+00:00,79873329.137,-3412909.863
2018-03-15 03:45:53.089000+00:00,2015-09-02 16:41:24+00:00,2018-04-23 15:45:23+00:00,79873469.089,-3412769.911
2018-03-17 22:14:33.079000+00:00,2015-09-02 16:41:24+00:00,2018-04-23 15:45:23+00:00,80112789.079,-3173449.921
2018-03-17 22:20:23.184000+00:00,2015-09-02 16:41:24+00:00,2018-04-23 15:45:23+00:00,80113139.184,-3173099.816
2018-03-18 01:59:03.131000+00:00,2015-09-02 16:41:24+00:00,2018-04-23 15:45:23+00:00,80126259.131,-3159979.869
2018-03-18 01:33:13.157000+00:00,2015-09-02 16:41:24+00:00,2018-04-23 15:45:23+00:00,80124709.157,-3161529.843
2018-03-18 01:36:13.160000+00:00,2015-09-02 16:41:24+00:00,2018-04-23 15:45:23+00:00,80124889.16,-3161349.84
2018-03-26 13:04:53.161000+00:00,2015-09-02 16:41:24+00:00,2018-04-23 15:45:23+00:00,80857409.161,-2428829.839
2018-03-26 13:09:43.115000+00:00,2015-09-02 16:41:24+00:00,2018-04-23 15:45:23+00:00,80857699.115,-2428539.885
2018-03-26 13:07:23.163000+00:00,2015-09-02 16:41:24+00:00,2018-04-23 15:45:23+00:00,80857559.163,-2428679.837
2018-03-26 13:26:33.081000+00:00,2015-09-02 16:41:24+00:00,2018-04-23 15:45:23+00:00,80858709.081,-2427529.919
2018-03-26 13:12:13.118000+00:00,2015-09-02 16:41:24+00:00,2018-04-23 15:45:23+00:00,80857849.118,-2428389.882
2018-03-26 13:17:13.122000+00:00,2015-09-02 16:41:24+00:00,2018-04-23 15:45:23+00:00,80858149.122,-2428089.878
2018-04-23 15:43:13.202000+00:00,2015-09-02 16:41:24+00:00,2018-04-23 15:45:23+00:00,83286109.202,-129.798
2018-04-23 15:45:23.104000+00:00,2015-09-02 16:41:24+00:00,2018-04-23 15:45:23+00:00,83286239.104,0.104
